data = [
    [11.041, 23.500, 4.400, 313.700, 124.590, 0.239, 1.330, 0.268, 0.226, 835.495, 25.700, 2.893, 3.850],
    [11.197, 24.800, 4.400, 280.000, 115.890, 0.226, 1.500, 0.263, 0.212, 801.313, 25.700, 2.961, 3.850],
    [12.253, 26.200, 4.400, 292.700, 124.460, 0.254, 2.460, 0.253, 0.207, 817.279, 25.700, 2.977, 6.610],
    [13.668, 29.500, 4.400, 235.700, 148.310, 0.298, 3.210, 0.237, 0.207, 938.837, 25.700, 3.529, 11.110],
    [15.321, 31.500, 6.300, 133.700, 191.580, 0.361, 3.210, 0.223, 0.207, 1177.794, 19.800, 3.912, 14.202],
    [16.773, 31.500, 10.400, 87.700, 241.880, 0.426, 3.210, 0.215, 0.207, 1456.506, 19.800, 3.580, 20.908],
    [16.869, 31.500, 10.400, 41.700, 280.820, 0.437, 3.210, 0.215, 0.207, 1750.680, 16.600, 3.372, 24.290],
    [16.478, 31.500, 11.200, 19.700, 296.460, 0.391, 3.210, 0.216, 0.212, 1928.574, 16.800, 3.275, 25.931],
    [15.695, 27.500, 10.900, 2.500, 324.280, 0.393, 2.510, 0.218, 0.212, 2175.426, 21.600, 3.238, 24.706],
    [14.933, 25.500, 10.600, 1.100, 334.710, 0.380, 1.860, 0.220, 0.215, 2315.909, 21.600, 3.270, 21.734],
    [14.588, 29.100, 9.600, 4.600, 350.730, 0.429, 3.520, 0.223, 0.216, 2396.016, 21.700, 3.115, 30.708],
    [14.161, 29.100, 8.500, 7.400, 354.430, 0.456, 3.520, 0.225, 0.220, 2396.520, 21.700, 3.113, 30.552],
    [13.920, 29.100, 6.800, 36.700, 340.750, 0.470, 3.520, 0.229, 0.222, 2265.671, 22.500, 3.203, 29.216],
    [13.167, 29.100, 5.900, 105.200, 306.070, 0.452, 3.520, 0.239, 0.225, 2015.330, 22.600, 3.463, 24.546],
    [12.362, 29.100, 4.800, 153.700, 254.380, 0.388, 3.520, 0.255, 0.227, 1683.389, 22.600, 3.761, 19.336],
    [11.625, 27.600, 3.800, 253.600, 207.950, 0.354, 2.100, 0.263, 0.227, 1363.626, 23.900, 3.998, 3.550],
    [11.140, 27.600, 3.800, 248.900, 174.610, 0.348, 2.100, 0.273, 0.236, 1107.450, 23.900, 3.821, 3.550],
    [10.926, 21.600, 3.800, 312.200, 140.480, 0.301, 1.670, 0.284, 0.240, 884.156, 38.300, 3.044, 10.000],
    [10.926, 18.800, 3.800, 436.000, 127.100, 0.308, 1.670, 0.281, 0.223, 769.054, 38.300, 2.071, 10.000],
    [11.713, 21.000, 4.700, 299.600, 144.150, 0.359, 1.990, 0.268, 0.214, 829.184, 38.300, 3.159, 10.000],
    [13.174, 36.500, 5.200, 305.500, 167.640, 0.419, 5.240, 0.257, 0.214, 931.165, 38.300, 3.020, 31.250],
    [14.543, 38.000, 5.200, 185.400, 214.730, 0.532, 5.950, 0.236, 0.214, 1161.835, 21.400, 3.777, 29.432],
    [15.881, 38.000, 6.900, 141.800, 261.300, 0.570, 5.950, 0.219, 0.214, 1436.965, 18.100, 3.460, 34.197],
    [16.582, 38.000, 9.800, 13.700, 294.910, 0.553, 5.950, 0.219, 0.214, 1723.216, 17.800, 2.933, 44.071],
    [11.099, 24.100, 2.800, 467.700, 122.280, 0.235, 1.520, 0.328, 0.190, 812.693, 36.700, 1.639, 9.350],
    [11.315, 24.200, 5.400, 425.000, 116.530, 0.232, 1.560, 0.285, 0.157, 784.573, 36.700, 1.881, 11.267],
    [12.203, 24.600, 5.400, 443.900, 122.530, 0.242, 2.050, 0.248, 0.157, 799.733, 36.700, 1.851, 11.567],
    [13.473, 28.100, 5.600, 359.300, 142.900, 0.267, 2.830, 0.206, 0.157, 906.235, 36.700, 2.592, 16.247],
    [15.274, 31.800, 6.400, 184.900, 191.060, 0.353, 3.140, 0.197, 0.157, 1146.017, 29.200, 3.923, 15.001],
    [16.917, 31.800, 9.400, 136.900, 249.610, 0.444, 3.140, 0.198, 0.157, 1416.118, 29.200, 3.636, 23.388],
    [17.204, 31.800, 9.400, 49.700, 297.210, 0.472, 3.140, 0.204, 0.187, 1703.729, 22.400, 3.339, 25.696],
    [16.876, 31.800, 10.600, 32.000, 311.370, 0.422, 3.140, 0.208, 0.196, 1854.796, 22.400, 3.273, 26.985],
    [16.142, 31.000, 9.600, 8.100, 343.190, 0.420, 3.140, 0.217, 0.199, 2096.280, 25.300, 3.166, 30.018],
    [15.375, 30.600, 9.200, 0.900, 351.810, 0.390, 2.590, 0.230, 0.204, 2239.632, 25.300, 3.216, 27.139],
    [14.726, 27.600, 8.500, 6.000, 358.150, 0.383, 2.710, 0.248, 0.214, 2333.549, 25.300, 3.252, 27.575],
    [14.125, 27.600, 6.700, 12.400, 356.010, 0.380, 2.710, 0.269, 0.222, 2348.035, 25.300, 3.313, 27.213],
    [13.612, 27.600, 6.200, 53.700, 333.330, 0.357, 2.710, 0.298, 0.237, 2241.598, 25.800, 3.408, 24.938],
    [12.654, 27.100, 5.000, 116.800, 292.460, 0.330, 2.710, 0.322, 0.264, 2000.106, 31.400, 3.511, 22.973],
    [11.898, 27.100, 3.300, 187.000, 240.010, 0.296, 2.710, 0.349, 0.279, 1662.095, 31.400, 3.821, 15.377],
    [11.116, 25.600, 3.300, 335.200, 194.780, 0.280, 1.430, 0.364, 0.297, 1349.482, 33.300, 3.301, 7.650],
    [10.812, 25.600, 3.300, 326.200, 166.460, 0.308, 1.450, 0.375, 0.318, 1094.695, 33.300, 3.042, 7.650],
    [10.748, 21.700, 3.300, 458.400, 137.170, 0.281, 1.450, 0.374, 0.285, 876.334, 36.700, 1.882, 9.350],
    [10.680, 19.700, 3.300, 572.300, 121.890, 0.277, 1.450, 0.353, 0.195, 760.406, 36.700, 0.844, 9.350],
    [11.580, 21.400, 3.900, 382.900, 140.250, 0.338, 1.860, 0.311, 0.194, 822.132, 36.700, 2.587, 9.350],
    [13.361, 35.600, 4.300, 385.300, 171.240, 0.470, 4.860, 0.273, 0.194, 921.553, 36.700, 2.784, 28.350],
    [15.200, 36.400, 4.500, 202.800, 223.780, 0.667, 5.210, 0.231, 0.194, 1144.318, 30.500, 3.816, 29.125],
    [16.819, 36.400, 4.500, 150.000, 279.550, 0.755, 5.210, 0.207, 0.194, 1405.919, 26.200, 3.451, 34.368],
    [17.889, 36.400, 8.500, 21.100, 328.510, 0.781, 5.210, 0.207, 0.202, 1691.100, 23.000, 2.995, 42.215],
    [11.362, 22.500, 5.000, 334.500, 125.570, 0.230, 1.140, 0.274, 0.235, 841.086, 27.600, 2.790, 4.800],
    [11.503, 23.300, 5.000, 295.900, 116.960, 0.216, 1.220, 0.266, 0.197, 808.970, 27.600, 2.875, 4.800],
    [12.419, 25.600, 5.000, 309.000, 124.740, 0.238, 2.420, 0.251, 0.192, 821.617, 27.600, 2.865, 7.320],
    [13.647, 27.500, 5.000, 245.700, 145.420, 0.262, 2.590, 0.226, 0.192, 941.890, 27.600, 3.466, 8.340],
    [15.112, 27.500, 6.800, 148.700, 183.750, 0.301, 2.590, 0.211, 0.192, 1170.670, 22.700, 4.037, 9.705],
    [16.359, 27.500, 10.600, 103.800, 226.830, 0.338, 2.590, 0.200, 0.192, 1424.156, 22.700, 3.668, 16.738],
    [16.379, 27.500, 10.600, 44.200, 258.480, 0.338, 2.590, 0.200, 0.193, 1691.996, 20.700, 3.373, 21.470],
    [15.983, 27.500, 11.100, 26.700, 270.070, 0.298, 1.750, 0.201, 0.197, 1844.993, 20.700, 3.349, 19.373],
    [15.078, 22.300, 10.600, 6.100, 291.590, 0.292, 1.430, 0.202, 0.199, 2088.662, 25.000, 3.200, 23.082],
    [14.313, 21.600, 10.200, 4.200, 300.740, 0.287, 1.090, 0.204, 0.199, 2229.041, 25.000, 3.175, 23.221],
    [13.833, 26.200, 9.500, 7.000, 315.500, 0.320, 2.830, 0.206, 0.201, 2331.508, 25.000, 3.086, 28.036],
    [13.345, 26.200, 8.500, 9.500, 319.780, 0.338, 2.830, 0.206, 0.167, 2354.944, 25.000, 3.057, 28.969],
    [13.128, 26.200, 7.900, 42.700, 307.520, 0.341, 2.830, 0.214, 0.167, 2240.194, 25.000, 3.194, 26.786],
    [12.461, 26.200, 5.600, 116.700, 277.740, 0.328, 2.830, 0.235, 0.167, 2009.549, 24.100, 3.553, 20.710],
    [11.936, 26.200, 5.400, 162.200, 234.710, 0.292, 2.830, 0.262, 0.167, 1683.612, 26.000, 3.890, 16.242],
    [11.417, 25.300, 4.900, 261.700, 194.610, 0.280, 1.500, 0.279, 0.167, 1373.666, 26.000, 3.911, 5.083],
    [11.115, 25.300, 4.900, 251.800, 166.360, 0.292, 1.500, 0.304, 0.237, 1117.246, 26.000, 3.692, 4.000],
    [11.062, 21.200, 4.900, 315.400, 136.520, 0.266, 1.500, 0.312, 0.263, 891.515, 42.700, 2.896, 10.000],
    [11.102, 18.200, 4.900, 409.800, 126.110, 0.278, 1.500, 0.305, 0.220, 775.858, 42.700, 2.152, 10.000],
    [11.782, 20.500, 5.400, 275.400, 141.130, 0.316, 1.880, 0.286, 0.217, 834.473, 42.700, 3.283, 10.000],
    [13.043, 32.900, 5.700, 283.200, 161.430, 0.353, 3.980, 0.266, 0.217, 933.415, 42.700, 3.265, 21.880],
    [14.191, 35.200, 5.900, 157.200, 203.710, 0.434, 4.990, 0.240, 0.217, 1155.841, 24.500, 3.766, 25.816],
    [15.331, 35.200, 6.200, 115.100, 240.280, 0.448, 4.990, 0.222, 0.217, 1409.652, 24.500, 3.440, 31.670],
    [15.893, 35.200, 8.700, 14.700, 264.340, 0.417, 4.990, 0.223, 0.217, 1677.830, 20.700, 3.027, 38.238],
    [9.682, 22.100, -0.200, 297.800, 135.070, 0.311, 1.380, 0.199, 0.088, 903.870, 14.100, 2.747, 11.792],
    [9.991, 26.500, 0.600, 282.200, 123.930, 0.322, 2.330, 0.162, 0.046, 817.762, 14.100, 2.508, 15.772],
    [11.612, 27.100, 0.600, 283.500, 144.260, 0.439, 2.490, 0.121, 0.046, 865.850, 14.100, 2.689, 16.732],
    [13.750, 30.400, 2.500, 234.000, 188.570, 0.615, 3.310, 0.099, 0.046, 1028.455, 14.100, 3.265, 19.027],
    [17.429, 37.500, 2.500, 158.900, 264.280, 1.005, 5.610, 0.107, 0.046, 1261.476, 13.500, 3.062, 42.892],
    [22.250, 40.800, 7.100, 97.200, 377.580, 1.708, 6.720, 0.119, 0.046, 1588.500, 13.500, 2.749, 58.018],
    [24.940, 40.800, 7.100, 71.800, 475.770, 2.234, 6.740, 0.141, 0.073, 1912.014, 13.500, 2.644, 57.898],
    [27.482, 40.800, 14.200, 28.900, 561.380, 2.688, 6.740, 0.152, 0.134, 2191.442, 13.500, 2.567, 54.804],
    [28.044, 40.800, 13.400, 0.100, 629.030, 2.942, 6.740, 0.160, 0.148, 2432.678, 14.100, 2.541, 54.663],
    [27.410, 40.800, 12.600, 0.000, 648.210, 2.809, 6.740, 0.174, 0.150, 2565.457, 14.100, 2.617, 54.500],
    [25.406, 40.600, 8.700, 1.400, 623.170, 2.416, 6.630, 0.196, 0.155, 2584.768, 14.100, 2.783, 53.538],
    [22.749, 39.500, 6.600, 16.200, 561.150, 1.944, 6.290, 0.219, 0.163, 2455.232, 14.100, 3.045, 49.589],
    [19.740, 37.800, 2.500, 91.000, 479.510, 1.401, 5.690, 0.247, 0.183, 2271.553, 12.100, 3.349, 40.704],
    [15.779, 35.500, 2.500, 228.000, 370.380, 0.878, 4.510, 0.265, 0.218, 1956.096, 12.100, 3.826, 26.438],
    [13.348, 33.400, 0.800, 308.200, 287.930, 0.596, 4.040, 0.261, 0.171, 1659.276, 17.900, 3.991, 15.240],
    [11.436, 27.400, 0.600, 348.700, 230.760, 0.472, 2.250, 0.240, 0.138, 1397.596, 17.900, 3.618, 7.625],
    [10.041, 26.600, 0.600, 276.400, 187.430, 0.431, 1.910, 0.215, 0.138, 1167.401, 17.900, 3.523, 6.125],
    [9.479, 22.400, 0.600, 235.900, 152.800, 0.398, 1.910, 0.194, 0.138, 971.129, 17.900, 3.363, 6.125],
    [9.531, 22.800, 0.600, 248.100, 140.690, 0.418, 2.380, 0.180, 0.138, 870.620, 17.900, 3.094, 8.405],
    [10.188, 24.600, 0.900, 137.200, 150.040, 0.485, 2.380, 0.180, 0.138, 902.059, 15.600, 3.783, 9.554],
    [13.097, 38.700, 2.700, 138.600, 191.700, 0.765, 6.080, 0.182, 0.151, 999.839, 15.600, 3.334, 34.707],
    [16.611, 39.800, 2.700, 104.700, 272.120, 1.221, 6.610, 0.177, 0.151, 1253.290, 15.600, 3.042, 44.222],
    [20.717, 41.400, 2.700, 26.600, 371.740, 1.827, 7.080, 0.174, 0.151, 1572.638, 15.600, 2.786, 54.486],
    [24.768, 44.000, 5.700, 5.000, 467.020, 2.423, 8.310, 0.178, 0.172, 1874.779, 12.800, 2.602, 60.453],
    [9.413, 20.900, -2.400, 223.300, 137.450, 0.369, 1.370, 0.215, 0.132, 931.950, 16.300, 3.244, 12.250],
    [9.901, 26.600, 0.400, 235.300, 128.510, 0.393, 2.470, 0.188, 0.074, 851.105, 16.300, 2.964, 14.653],
    [11.228, 26.600, 0.400, 238.200, 144.450, 0.472, 2.470, 0.156, 0.074, 893.657, 16.300, 3.072, 14.653],
    [13.165, 29.000, 1.800, 219.800, 185.770, 0.615, 3.130, 0.138, 0.074, 1052.629, 16.300, 3.462, 15.988],
    [16.390, 35.500, 1.800, 142.800, 257.500, 0.935, 4.980, 0.140, 0.074, 1277.849, 12.500, 3.192, 36.867],
    [20.893, 39.800, 5.800, 77.600, 367.220, 1.537, 6.280, 0.144, 0.074, 1600.963, 12.600, 2.824, 54.107],
    [23.478, 39.800, 5.800, 55.600, 467.860, 2.001, 6.280, 0.160, 0.143, 1926.436, 12.600, 2.873, 50.207],
    [25.973, 39.800, 13.600, 12.900, 556.880, 2.409, 6.280, 0.163, 0.155, 2210.512, 12.600, 2.705, 51.120],
    [26.552, 39.800, 11.200, 0.000, 623.620, 2.645, 6.280, 0.168, 0.155, 2458.753, 14.900, 2.681, 51.583],
    [25.959, 39.800, 11.200, 0.000, 639.710, 2.527, 6.280, 0.179, 0.158, 2588.105, 14.900, 2.748, 51.333],
    [23.936, 38.800, 7.300, 2.500, 606.850, 2.157, 5.960, 0.194, 0.164, 2594.437, 14.900, 2.933, 48.251],
    [21.287, 37.800, 5.700, 16.400, 538.270, 1.724, 5.830, 0.210, 0.176, 2449.184, 14.900, 3.117, 44.224],
    [18.320, 35.700, -0.200, 83.800, 453.100, 1.238, 5.140, 0.227, 0.182, 2253.884, 12.400, 3.246, 39.676],
    [14.330, 34.100, -0.200, 188.400, 346.570, 0.770, 4.110, 0.241, 0.201, 1929.812, 11.900, 3.642, 26.163],
    [12.041, 32.000, -0.800, 252.600, 271.680, 0.544, 3.850, 0.238, 0.172, 1638.083, 19.200, 3.913, 19.021],
    [10.265, 26.100, -0.800, 294.300, 218.830, 0.453, 2.000, 0.220, 0.140, 1386.241, 19.200, 3.615, 9.183],
    [8.993, 26.100, -0.800, 232.700, 180.870, 0.430, 1.910, 0.201, 0.140, 1174.068, 19.200, 3.536, 9.183],
    [8.640, 22.600, -0.800, 210.600, 150.100, 0.417, 1.910, 0.178, 0.140, 986.602, 19.200, 3.340, 9.183],
    [8.744, 20.900, -0.800, 224.200, 136.890, 0.435, 2.120, 0.168, 0.140, 885.690, 19.200, 3.102, 9.903],
    [9.435, 22.800, -0.300, 109.900, 147.440, 0.503, 2.120, 0.166, 0.140, 917.550, 17.000, 3.530, 13.458],
    [12.225, 36.500, 1.000, 112.000, 187.110, 0.745, 5.350, 0.166, 0.152, 1014.660, 17.000, 3.175, 33.487],
    [15.564, 37.800, 1.000, 78.000, 264.530, 1.142, 5.800, 0.162, 0.152, 1262.898, 17.000, 2.909, 42.811],
    [19.546, 39.200, 1.000, 14.600, 365.650, 1.689, 6.140, 0.157, 0.152, 1583.762, 17.000, 2.719, 51.410],
    [23.343, 41.300, 4.400, 8.400, 460.560, 2.182, 7.070, 0.158, 0.153, 1892.354, 12.000, 2.702, 55.135],
    [9.686, 20.900, -2.900, 317.400, 134.950, 0.335, 1.190, 0.230, 0.118, 920.437, 16.100, 2.678, 14.354],
    [10.076, 26.000, -0.200, 304.900, 126.130, 0.357, 2.290, 0.190, 0.046, 838.980, 15.800, 2.464, 17.032],
    [11.496, 26.500, -0.200, 307.500, 144.540, 0.455, 2.360, 0.141, 0.046, 880.736, 15.800, 2.603, 17.452],
    [13.394, 29.200, 2.600, 249.200, 186.730, 0.602, 3.000, 0.118, 0.046, 1043.089, 15.800, 3.268, 17.167],
    [16.790, 35.900, 3.000, 162.000, 261.070, 0.966, 5.100, 0.124, 0.046, 1278.133, 13.400, 3.184, 38.506],
    [21.420, 40.000, 5.200, 99.300, 370.820, 1.611, 6.380, 0.134, 0.046, 1601.791, 13.400, 2.830, 55.811],
    [23.893, 40.000, 5.200, 63.900, 468.620, 2.089, 6.380, 0.164, 0.068, 1931.018, 13.100, 2.768, 56.606],
    [26.422, 40.000, 13.100, 15.100, 557.080, 2.529, 6.380, 0.175, 0.154, 2215.325, 13.100, 2.717, 51.625],
    [27.046, 40.000, 11.100, 0.000, 626.110, 2.784, 6.380, 0.180, 0.165, 2457.378, 15.300, 2.703, 51.250],
    [26.517, 40.000, 11.100, 0.000, 647.160, 2.686, 6.380, 0.185, 0.172, 2585.304, 15.300, 2.755, 50.667],
    [24.584, 39.600, 8.200, 0.800, 622.770, 2.334, 6.300, 0.194, 0.172, 2601.461, 15.300, 2.880, 49.641],
    [21.922, 38.600, 5.600, 19.200, 557.180, 1.879, 6.160, 0.213, 0.174, 2467.930, 15.300, 3.118, 46.311],
    [18.858, 37.300, -0.400, 108.600, 468.490, 1.331, 5.350, 0.248, 0.183, 2278.832, 12.300, 3.307, 43.114],
    [14.855, 35.000, -0.400, 220.800, 358.530, 0.817, 4.500, 0.278, 0.199, 1964.894, 14.800, 3.770, 29.683],
    [12.502, 32.400, -0.400, 306.100, 275.050, 0.540, 3.810, 0.287, 0.206, 1667.142, 19.500, 3.944, 16.110],
    [10.701, 25.900, -1.200, 373.300, 218.940, 0.427, 2.030, 0.271, 0.157, 1405.109, 19.500, 3.505, 8.847],
    [9.417, 25.900, -1.200, 287.400, 178.640, 0.400, 1.500, 0.246, 0.157, 1182.056, 19.500, 3.440, 8.667],
    [9.066, 21.200, -1.200, 253.500, 147.030, 0.384, 1.500, 0.224, 0.157, 985.669, 19.500, 3.248, 8.667],
    [9.181, 22.800, -1.200, 279.400, 136.900, 0.412, 2.410, 0.209, 0.157, 882.918, 19.500, 2.898, 11.127],
    [9.859, 23.600, 0.200, 122.200, 148.170, 0.487, 2.410, 0.205, 0.157, 916.524, 16.100, 3.767, 11.257],
    [12.589, 36.600, 1.600, 133.100, 187.800, 0.736, 5.290, 0.204, 0.157, 1015.870, 16.100, 3.454, 29.992],
    [15.752, 37.800, 1.600, 102.600, 261.370, 1.126, 5.760, 0.194, 0.157, 1263.730, 16.100, 3.154, 39.316],
    [19.610, 40.200, 1.600, 25.800, 361.080, 1.690, 6.540, 0.187, 0.157, 1583.464, 16.100, 2.831, 51.738],
    [23.455, 42.100, 3.800, 15.200, 455.580, 2.226, 7.490, 0.192, 0.184, 1889.068, 12.800, 2.821, 54.583],
    [14.203, 30.400, 2.300, 308.500, 172.100, 0.544, 3.310, 0.253, 0.143, 1032.188, 16.000, 3.450, 10.943],
    [14.492, 32.800, 3.100, 435.500, 157.540, 0.537, 4.320, 0.228, 0.131, 943.571, 16.000, 2.472, 18.003],
    [15.303, 34.700, 3.200, 427.300, 165.280, 0.526, 5.040, 0.196, 0.131, 969.430, 16.000, 2.504, 20.833],
    [16.830, 34.700, 5.400, 405.500, 200.230, 0.621, 5.040, 0.169, 0.131, 1113.127, 16.000, 2.947, 20.833],
    [18.783, 35.100, 5.400, 288.900, 250.920, 0.750, 5.040, 0.165, 0.129, 1308.344, 12.100, 3.708, 22.000],
    [21.563, 38.800, 9.400, 151.300, 330.890, 1.044, 5.530, 0.145, 0.129, 1597.964, 12.100, 3.266, 42.105],
    [22.614, 38.800, 9.400, 83.900, 397.910, 1.154, 5.600, 0.146, 0.129, 1896.541, 12.100, 2.995, 47.033],
    [23.314, 38.800, 15.300, 27.100, 448.840, 1.222, 5.600, 0.141, 0.129, 2137.244, 11.000, 2.790, 50.042],
    [23.174, 38.800, 15.000, 0.200, 495.110, 1.295, 5.600, 0.138, 0.129, 2376.338, 11.200, 2.729, 51.242],
    [22.000, 38.800, 14.100, 4.800, 491.290, 1.139, 5.600, 0.139, 0.137, 2432.722, 12.000, 2.804, 50.388],
    [21.097, 39.600, 12.100, 6.300, 482.410, 1.093, 6.440, 0.140, 0.138, 2422.364, 13.300, 2.740, 52.239],
    [19.746, 39.600, 8.900, 13.400, 453.390, 1.017, 6.440, 0.141, 0.138, 2322.252, 13.300, 2.704, 51.909],
    [18.629, 39.600, 7.800, 17.700, 420.880, 0.968, 6.440, 0.142, 0.136, 2187.468, 14.600, 2.667, 51.826],
    [16.751, 39.600, 4.600, 72.300, 371.070, 0.872, 6.440, 0.147, 0.126, 1988.456, 14.600, 2.759, 49.603],
    [15.234, 36.200, 4.600, 117.000, 312.840, 0.728, 4.970, 0.161, 0.126, 1747.814, 14.600, 3.087, 37.520],
    [14.167, 32.800, 3.800, 158.800, 266.870, 0.676, 4.160, 0.172, 0.126, 1517.684, 14.600, 3.454, 25.559],
    [13.302, 32.800, 2.800, 154.500, 226.330, 0.677, 4.160, 0.180, 0.126, 1311.523, 18.300, 3.526, 23.957],
    [13.078, 26.400, 2.800, 123.200, 192.760, 0.688, 3.040, 0.188, 0.167, 1119.330, 18.300, 3.656, 14.691],
    [13.330, 26.400, 2.800, 97.200, 175.120, 0.763, 3.090, 0.185, 0.179, 1001.045, 18.300, 3.560, 15.672],
    [14.311, 28.000, 2.800, 2.900, 204.730, 0.949, 3.090, 0.185, 0.179, 1062.788, 18.300, 2.979, 26.490],
    [15.944, 33.300, 5.100, 3.900, 226.640, 0.942, 4.230, 0.191, 0.180, 1121.890, 12.900, 2.952, 33.036],
    [17.468, 34.300, 5.100, 5.100, 271.620, 0.970, 4.230, 0.197, 0.180, 1292.274, 12.200, 3.035, 33.754],
    [19.941, 45.700, 5.600, 2.900, 353.320, 1.177, 9.060, 0.204, 0.181, 1572.991, 13.300, 2.698, 59.836],
    [21.952, 45.700, 10.600, 2.400, 416.010, 1.231, 9.060, 0.210, 0.202, 1832.162, 13.300, 2.811, 59.885],
    [13.933, 28.000, 3.700, 284.700, 182.640, 0.485, 2.900, 0.239, 0.166, 1034.492, 21.500, 3.631, 8.317],
    [14.153, 28.000, 4.800, 380.900, 167.170, 0.464, 2.900, 0.233, 0.166, 941.314, 18.000, 3.068, 6.567],
    [14.650, 31.700, 4.800, 376.400, 165.930, 0.396, 3.730, 0.219, 0.166, 967.705, 18.000, 2.967, 11.547],
    [15.873, 31.700, 6.600, 330.000, 193.180, 0.427, 3.730, 0.216, 0.166, 1114.182, 18.000, 3.470, 11.547],
    [17.418, 31.700, 6.600, 243.500, 231.940, 0.456, 3.730, 0.238, 0.166, 1314.770, 15.000, 4.143, 11.547],
    [19.378, 31.700, 10.400, 125.900, 290.720, 0.536, 3.730, 0.258, 0.185, 1605.866, 15.000, 3.866, 21.719],
    [20.051, 30.400, 10.400, 65.500, 340.360, 0.560, 2.400, 0.280, 0.199, 1897.268, 15.000, 3.842, 18.551],
    [20.412, 30.400, 14.800, 27.600, 375.770, 0.560, 2.400, 0.289, 0.244, 2127.373, 12.600, 3.703, 20.931],
    [20.052, 30.400, 14.400, 0.100, 410.070, 0.592, 2.400, 0.286, 0.239, 2356.358, 12.600, 3.624, 22.395],
    [19.062, 30.400, 14.200, 16.700, 404.480, 0.532, 2.260, 0.269, 0.224, 2396.167, 13.600, 3.634, 20.734],
    [18.261, 30.400, 11.900, 17.700, 398.340, 0.528, 2.930, 0.249, 0.211, 2395.678, 13.800, 3.473, 24.691],
    [17.091, 30.400, 8.400, 30.700, 375.370, 0.504, 2.930, 0.234, 0.204, 2302.816, 13.800, 3.421, 23.944],
    [16.085, 30.400, 7.800, 36.900, 349.970, 0.498, 2.930, 0.227, 0.204, 2167.178, 18.300, 3.378, 23.621],
    [14.633, 30.400, 5.700, 75.400, 317.030, 0.491, 2.930, 0.214, 0.145, 1986.822, 19.100, 3.365, 24.290],
    [13.566, 26.500, 5.700, 127.900, 274.610, 0.449, 2.770, 0.211, 0.145, 1752.581, 19.100, 3.581, 18.772],
    [12.893, 24.600, 4.300, 162.000, 243.420, 0.466, 2.770, 0.203, 0.145, 1520.932, 19.100, 3.747, 14.776],
    [12.472, 24.600, 4.300, 155.800, 220.320, 0.533, 2.610, 0.192, 0.145, 1315.472, 19.800, 3.740, 13.334],
    [12.447, 25.600, 4.300, 121.900, 196.630, 0.568, 2.810, 0.189, 0.172, 1118.624, 19.800, 3.631, 14.028],
    [12.607, 25.600, 4.300, 104.000, 185.230, 0.622, 2.810, 0.185, 0.180, 997.999, 19.800, 3.557, 14.531],
    [13.464, 25.600, 4.800, 5.200, 214.570, 0.764, 2.810, 0.186, 0.180, 1057.550, 19.800, 2.977, 25.275],
    [14.603, 27.500, 5.100, 5.400, 220.020, 0.682, 3.500, 0.193, 0.181, 1112.134, 16.800, 2.991, 28.509],
    [15.922, 28.100, 5.100, 5.400, 250.590, 0.667, 3.500, 0.200, 0.182, 1289.646, 16.800, 3.077, 28.569],
    [18.008, 37.200, 5.800, 1.300, 309.690, 0.761, 5.050, 0.208, 0.184, 1571.915, 16.800, 2.934, 42.916],
    [19.637, 37.200, 8.000, 0.500, 347.520, 0.717, 5.050, 0.215, 0.207, 1825.276, 15.000, 3.033, 42.971],
    [14.080, 33.500, 2.500, 245.600, 171.840, 0.500, 3.950, 0.227, 0.162, 1027.649, 17.400, 3.616, 13.200],
    [14.266, 29.700, 2.600, 342.700, 155.340, 0.463, 3.590, 0.227, 0.162, 936.209, 15.600, 3.031, 11.040],
    [14.984, 34.500, 2.600, 338.300, 160.850, 0.421, 4.800, 0.223, 0.162, 956.412, 15.600, 3.011, 17.750],
    [16.470, 34.500, 4.900, 299.300, 193.710, 0.495, 4.800, 0.216, 0.162, 1097.226, 15.600, 3.511, 17.750],
    [18.389, 34.500, 4.900, 222.500, 241.710, 0.607, 4.800, 0.230, 0.169, 1298.603, 11.500, 4.130, 18.756],
    [20.883, 36.500, 9.500, 118.000, 312.510, 0.814, 4.800, 0.233, 0.218, 1586.866, 11.500, 3.590, 33.698],
    [21.744, 36.500, 9.500, 59.900, 371.810, 0.884, 4.550, 0.242, 0.220, 1879.031, 11.500, 3.419, 38.028],
    [22.304, 36.500, 15.500, 27.700, 415.430, 0.921, 4.550, 0.255, 0.227, 2110.990, 11.400, 3.359, 39.916],
    [22.023, 36.500, 15.400, 0.200, 453.850, 0.950, 4.550, 0.272, 0.240, 2337.408, 11.600, 3.355, 41.241],
    [20.966, 36.500, 14.800, 8.900, 448.140, 0.848, 4.550, 0.277, 0.251, 2369.941, 11.600, 3.354, 40.853],
    [20.076, 35.500, 12.400, 12.400, 440.200, 0.813, 4.400, 0.279, 0.246, 2362.000, 11.800, 3.389, 37.587],
    [18.807, 35.500, 9.400, 17.600, 414.030, 0.761, 4.400, 0.277, 0.246, 2261.549, 11.800, 3.344, 37.300],
    [17.755, 35.500, 8.100, 23.300, 385.280, 0.735, 4.400, 0.267, 0.218, 2128.428, 16.300, 3.287, 36.940],
    [16.066, 35.500, 5.100, 78.300, 345.770, 0.683, 4.400, 0.242, 0.132, 1958.962, 16.300, 3.256, 37.621],
    [14.768, 32.100, 5.100, 118.300, 297.010, 0.596, 3.410, 0.224, 0.132, 1733.234, 16.300, 3.510, 24.494],
    [13.819, 30.000, 3.400, 153.300, 255.690, 0.576, 3.410, 0.197, 0.132, 1506.521, 16.300, 3.609, 20.469],
    [13.092, 30.000, 3.400, 147.300, 218.430, 0.598, 3.170, 0.171, 0.132, 1305.828, 16.200, 3.600, 17.533],
    [12.922, 28.000, 3.400, 105.600, 187.370, 0.609, 3.340, 0.161, 0.151, 1111.892, 14.700, 3.427, 19.185],
    [13.022, 28.000, 3.400, 84.900, 169.170, 0.645, 3.340, 0.156, 0.152, 990.425, 13.500, 3.333, 20.336],
    [13.906, 28.000, 3.800, 3.200, 197.670, 0.790, 3.340, 0.161, 0.153, 1053.058, 17.600, 2.828, 29.966],
    [15.210, 31.400, 5.000, 3.600, 216.650, 0.716, 3.600, 0.171, 0.153, 1101.996, 17.600, 2.888, 31.518],
    [16.704, 32.500, 5.000, 3.600, 255.930, 0.738, 3.600, 0.182, 0.153, 1274.173, 17.600, 2.993, 31.569],
    [18.913, 43.200, 5.500, 1.100, 329.850, 0.865, 7.470, 0.194, 0.153, 1555.855, 17.600, 2.616, 60.183],
    [20.838, 43.200, 7.800, 0.400, 383.480, 0.884, 7.470, 0.202, 0.194, 1808.744, 16.400, 2.771, 57.979],
    [14.940, 29.000, 5.800, 167.100, 197.430, 0.572, 2.840, 0.216, 0.170, 1119.827, 20.300, 4.063, 10.096],
    [15.027, 27.100, 5.800, 208.200, 182.440, 0.536, 2.840, 0.229, 0.170, 1043.708, 20.300, 4.003, 7.023],
    [15.579, 30.500, 5.800, 194.500, 183.410, 0.484, 3.570, 0.235, 0.187, 1061.428, 20.300, 4.046, 10.570],
    [16.595, 30.500, 7.300, 185.100, 207.100, 0.501, 3.570, 0.233, 0.187, 1177.603, 20.300, 4.177, 12.695],
    [18.060, 30.500, 7.800, 202.200, 244.410, 0.514, 3.570, 0.240, 0.206, 1367.618, 17.200, 4.216, 12.874],
    [19.947, 30.500, 10.600, 132.500, 297.330, 0.582, 3.570, 0.248, 0.219, 1617.707, 17.200, 3.891, 20.507],
    [20.537, 29.200, 10.600, 116.400, 342.830, 0.603, 2.820, 0.254, 0.221, 1875.769, 17.200, 3.907, 18.129],
    [20.886, 29.200, 15.000, 59.700, 378.960, 0.599, 2.070, 0.256, 0.224, 2109.924, 15.700, 3.810, 17.269],
    [20.441, 29.000, 13.400, 13.100, 410.160, 0.617, 2.070, 0.258, 0.225, 2319.163, 12.200, 3.662, 19.781],
    [19.457, 28.100, 12.800, 6.800, 403.260, 0.577, 1.960, 0.247, 0.225, 2329.794, 12.800, 3.581, 19.663],
    [18.649, 29.600, 12.200, 15.300, 394.460, 0.561, 2.630, 0.246, 0.225, 2309.418, 12.800, 3.502, 23.004],
    [17.569, 29.600, 10.100, 25.100, 375.240, 0.542, 2.630, 0.250, 0.225, 2231.208, 13.900, 3.499, 22.442],
    [16.554, 29.600, 7.800, 32.800, 349.430, 0.512, 2.630, 0.253, 0.220, 2112.062, 16.600, 3.493, 21.903],
    [15.227, 29.600, 6.800, 120.300, 321.720, 0.492, 2.630, 0.255, 0.207, 1982.254, 19.300, 3.752, 16.951],
    [14.452, 29.400, 6.800, 145.600, 285.630, 0.471, 3.830, 0.256, 0.207, 1779.851, 19.300, 3.741, 21.435],
    [13.863, 29.400, 5.100, 156.400, 257.610, 0.491, 3.830, 0.248, 0.207, 1579.352, 19.300, 3.793, 19.488],
    [13.393, 29.400, 4.600, 148.600, 231.710, 0.550, 3.830, 0.240, 0.207, 1377.227, 19.300, 3.775, 18.804],
    [13.280, 29.400, 4.600, 81.500, 207.560, 0.572, 3.830, 0.234, 0.210, 1208.797, 19.300, 3.450, 23.777],
    [13.346, 23.800, 4.600, 54.500, 192.100, 0.596, 2.830, 0.228, 0.210, 1101.186, 15.400, 3.418, 19.306],
    [14.008, 24.500, 4.600, 6.300, 212.320, 0.700, 2.890, 0.212, 0.138, 1146.805, 15.000, 3.036, 28.247],
    [15.253, 28.100, 6.100, 6.700, 219.020, 0.632, 2.920, 0.193, 0.138, 1192.309, 15.000, 3.031, 28.408],
    [16.783, 28.100, 6.600, 7.600, 253.640, 0.665, 2.920, 0.173, 0.138, 1346.976, 15.000, 3.045, 28.421],
    [18.613, 34.200, 6.600, 6.600, 305.590, 0.704, 3.340, 0.154, 0.138, 1593.817, 15.000, 3.015, 31.608],
    [20.244, 34.200, 9.400, 3.200, 343.360, 0.659, 3.340, 0.144, 0.138, 1825.380, 11.900, 3.051, 31.854],
    [15.948, 22.500, 11.800, 142.000, 190.420, 0.405, 1.770, 0.000, 0.000, 1121.843, 27.200, 3.113, 24.686],
    [16.196, 22.500, 11.800, 188.200, 177.250, 0.391, 1.770, 0.000, 0.000, 1049.177, 22.200, 3.246, 17.100],
    [16.520, 21.100, 12.300, 175.200, 175.230, 0.347, 1.510, 0.000, 0.000, 1069.348, 22.200, 3.310, 17.103],
    [17.015, 20.100, 13.400, 113.600, 183.360, 0.298, 1.390, 0.000, 0.000, 1190.153, 22.200, 3.060, 24.709],
    [17.781, 21.400, 13.600, 106.700, 208.520, 0.272, 1.390, 0.000, 0.000, 1374.368, 21.800, 2.985, 26.666],
    [18.744, 22.600, 14.700, 58.700, 236.510, 0.222, 0.790, 0.000, 0.000, 1618.826, 16.600, 2.770, 30.036],
    [19.144, 22.600, 15.800, 44.500, 273.300, 0.239, 0.790, 0.000, 0.000, 1872.162, 16.600, 2.703, 31.744],
    [19.305, 22.600, 16.600, 32.600, 300.260, 0.247, 0.570, 0.000, 0.000, 2091.478, 12.600, 2.658, 32.829],
    [18.864, 22.600, 15.900, 17.700, 325.830, 0.268, 0.550, 0.000, 0.000, 2298.816, 11.300, 2.588, 33.914],
    [17.970, 20.900, 15.200, 4.000, 322.530, 0.270, 0.550, 0.000, 0.000, 2311.639, 11.300, 2.504, 34.752],
    [17.167, 19.500, 13.200, 5.900, 317.840, 0.271, 0.680, 0.000, 0.000, 2310.732, 12.000, 2.479, 34.629],
    [16.234, 19.400, 12.900, 9.100, 306.080, 0.274, 0.700, 0.000, 0.000, 2240.453, 12.000, 2.451, 34.405],
    [15.300, 19.000, 11.100, 19.200, 287.200, 0.258, 0.700, 0.000, 0.000, 2131.600, 16.200, 2.452, 33.663],
    [14.449, 17.800, 10.800, 76.100, 272.250, 0.278, 0.700, 0.000, 0.000, 2005.459, 28.400, 2.564, 34.610],
    [13.931, 19.900, 10.800, 96.700, 244.110, 0.265, 1.590, 0.000, 0.000, 1812.438, 28.400, 2.668, 32.277],
    [13.549, 19.900, 10.800, 118.300, 221.540, 0.270, 1.590, 0.000, 0.000, 1609.333, 28.400, 2.799, 29.520],
    [13.442, 19.900, 10.600, 110.800, 200.010, 0.297, 1.590, 0.000, 0.000, 1404.929, 28.400, 2.804, 29.121],
    [13.376, 19.900, 10.600, 67.100, 173.690, 0.283, 1.590, 0.000, 0.000, 1216.174, 28.400, 2.591, 32.474],
    [13.467, 17.400, 10.600, 49.200, 157.040, 0.277, 1.370, 0.000, 0.000, 1100.686, 16.000, 2.593, 28.734],
    [14.187, 19.200, 10.600, 4.000, 171.030, 0.321, 1.480, 0.000, 0.000, 1137.416, 15.600, 2.289, 34.532],
    [15.095, 19.200, 10.600, 4.000, 167.010, 0.249, 1.480, 0.000, 0.000, 1182.139, 14.200, 2.330, 34.521],
    [16.315, 20.100, 10.600, 5.700, 197.840, 0.283, 1.480, 0.000, 0.000, 1344.485, 14.200, 2.398, 34.424],
    [17.846, 23.800, 12.000, 5.400, 238.880, 0.302, 1.480, 0.000, 0.000, 1592.287, 14.200, 2.471, 34.548],
    [18.910, 23.800, 15.100, 2.700, 267.900, 0.256, 0.840, 0.000, 0.000, 1823.317, 14.200, 2.513, 34.798],
    [14.950, 29.200, 5.700, 154.900, 199.570, 0.593, 2.760, 0.212, 0.163, 1113.034, 20.100, 3.970, 11.503],
    [15.065, 27.100, 5.700, 224.500, 185.000, 0.563, 2.720, 0.223, 0.165, 1037.624, 20.100, 3.936, 6.620],
    [15.636, 31.500, 5.700, 206.100, 186.420, 0.520, 4.030, 0.227, 0.186, 1057.230, 20.100, 3.940, 13.230],
    [16.579, 31.500, 6.900, 214.700, 207.480, 0.524, 4.030, 0.220, 0.188, 1172.164, 20.100, 4.024, 13.230],
    [18.061, 31.500, 8.100, 237.500, 245.430, 0.546, 4.030, 0.219, 0.200, 1360.764, 17.900, 4.158, 12.826],
    [20.004, 31.500, 10.700, 160.600, 299.340, 0.620, 4.030, 0.216, 0.201, 1612.199, 17.900, 3.853, 21.450],
    [20.583, 29.400, 10.700, 123.700, 344.940, 0.633, 2.810, 0.214, 0.165, 1871.809, 17.900, 3.789, 18.938],
    [20.934, 29.400, 15.200, 58.600, 380.440, 0.621, 2.190, 0.204, 0.143, 2104.448, 15.100, 3.583, 21.143],
    [20.524, 29.400, 13.700, 9.200, 412.500, 0.642, 2.010, 0.196, 0.143, 2317.237, 12.100, 3.419, 22.697],
    [19.494, 28.400, 13.200, 11.900, 404.390, 0.591, 1.950, 0.185, 0.143, 2326.205, 12.100, 3.355, 22.495],
    [18.624, 29.400, 12.100, 17.800, 394.080, 0.570, 2.610, 0.178, 0.143, 2300.501, 12.300, 3.250, 25.840],
    [17.514, 29.400, 9.900, 23.100, 374.840, 0.553, 2.610, 0.181, 0.143, 2218.151, 13.700, 3.230, 25.511],
    [16.479, 29.400, 7.600, 33.700, 349.090, 0.525, 2.610, 0.185, 0.150, 2095.495, 17.400, 3.246, 24.229],
    [15.112, 29.400, 6.400, 106.500, 321.030, 0.504, 2.610, 0.176, 0.128, 1965.884, 18.500, 3.392, 21.608],
    [14.349, 29.500, 6.400, 141.500, 285.320, 0.489, 3.900, 0.168, 0.128, 1764.162, 18.500, 3.377, 26.065],
    [13.793, 29.500, 5.200, 152.400, 260.160, 0.513, 3.900, 0.157, 0.128, 1568.563, 18.500, 3.413, 24.267],
    [13.367, 29.500, 5.200, 142.100, 235.290, 0.575, 3.900, 0.146, 0.128, 1369.519, 18.500, 3.370, 23.905],
    [13.307, 29.500, 5.200, 83.900, 211.920, 0.603, 3.900, 0.142, 0.135, 1200.902, 18.500, 3.110, 27.482],
    [13.392, 23.500, 5.200, 56.300, 196.690, 0.626, 2.800, 0.140, 0.135, 1094.494, 17.500, 3.094, 22.825],
    [14.075, 24.200, 5.300, 4.600, 216.250, 0.731, 2.850, 0.146, 0.138, 1143.691, 17.500, 2.835, 28.175],
    [15.280, 27.700, 5.900, 4.600, 219.150, 0.657, 2.940, 0.156, 0.138, 1191.107, 15.400, 2.908, 28.720],
    [16.752, 27.700, 5.900, 6.800, 252.420, 0.678, 2.940, 0.166, 0.139, 1342.357, 15.400, 3.018, 28.518],
    [18.562, 34.900, 5.900, 5.400, 304.120, 0.712, 3.610, 0.176, 0.139, 1588.709, 15.400, 3.015, 34.972],
    [20.241, 34.900, 9.700, 3.800, 344.320, 0.675, 3.610, 0.182, 0.178, 1822.885, 12.400, 3.166, 31.856],
    [9.244, 22.900, 1.000, 380.800, 100.640, 0.160, 1.180, 0.269, 0.157, 704.214, 23.700, 1.742, 6.642],
    [9.383, 24.200, 1.000, 360.700, 89.650, 0.151, 1.610, 0.231, 0.143, 632.203, 23.700, 1.409, 7.808],
    [11.208, 26.200, 1.000, 378.400, 106.300, 0.258, 2.300, 0.195, 0.136, 668.693, 23.700, 1.708, 10.192],
    [13.402, 31.000, 2.800, 337.500, 142.420, 0.396, 3.460, 0.164, 0.135, 810.634, 23.700, 2.583, 15.360],
    [17.124, 38.000, 2.900, 196.800, 223.170, 0.802, 5.930, 0.154, 0.132, 1119.499, 16.100, 3.610, 31.363],
    [21.071, 41.200, 8.200, 158.200, 328.830, 1.335, 7.150, 0.142, 0.132, 1484.870, 16.100, 3.154, 47.378],
    [23.120, 41.200, 8.400, 79.700, 426.570, 1.694, 7.150, 0.140, 0.132, 1849.309, 13.600, 2.823, 53.263],
    [24.603, 41.200, 13.600, 36.600, 509.270, 1.954, 7.150, 0.138, 0.132, 2145.362, 13.100, 2.640, 55.563],
    [24.740, 41.200, 12.500, 5.400, 577.140, 2.080, 7.150, 0.139, 0.132, 2409.008, 13.200, 2.578, 56.813],
    [24.153, 41.200, 11.800, 4.000, 603.070, 2.022, 7.150, 0.141, 0.138, 2552.598, 13.200, 2.619, 56.367],
    [23.234, 40.700, 10.800, 7.200, 606.450, 1.923, 6.690, 0.142, 0.139, 2579.587, 17.600, 2.690, 54.929],
    [21.974, 40.700, 8.600, 12.000, 569.510, 1.787, 6.690, 0.148, 0.140, 2484.004, 17.600, 2.765, 54.662],
    [19.610, 40.700, 4.800, 43.900, 490.940, 1.395, 6.690, 0.170, 0.141, 2286.936, 18.800, 2.801, 53.612],
    [16.653, 40.400, 3.300, 96.400, 388.950, 1.028, 6.540, 0.201, 0.142, 1955.538, 19.800, 2.948, 50.110],
    [14.009, 35.700, -0.200, 148.700, 294.370, 0.673, 5.150, 0.244, 0.143, 1632.906, 20.800, 3.380, 37.755],
    [11.576, 30.100, -0.500, 285.500, 212.350, 0.427, 3.630, 0.280, 0.164, 1308.197, 21.300, 3.693, 17.451],
    [10.071, 26.400, -0.500, 276.100, 160.420, 0.309, 1.440, 0.307, 0.249, 1046.182, 21.300, 3.426, 6.338],
    [9.453, 20.000, -0.500, 332.400, 126.430, 0.257, 1.360, 0.308, 0.225, 831.251, 23.100, 2.630, 7.238],
    [9.052, 19.200, -0.500, 465.700, 111.880, 0.249, 1.210, 0.291, 0.152, 726.754, 23.100, 1.382, 9.571],
    [10.071, 24.600, -0.500, 310.900, 133.450, 0.345, 2.390, 0.251, 0.149, 769.327, 23.100, 2.795, 12.161],
    [12.889, 39.500, 0.100, 319.900, 181.090, 0.630, 6.410, 0.213, 0.149, 869.288, 23.100, 2.802, 37.446],
    [16.009, 40.300, 0.100, 217.000, 258.090, 1.041, 6.750, 0.178, 0.149, 1152.356, 16.200, 3.451, 40.080],
    [19.812, 40.800, 2.700, 188.600, 355.940, 1.527, 6.770, 0.154, 0.149, 1466.402, 16.200, 3.238, 43.986],
    [22.730, 40.800, 6.700, 31.700, 446.740, 1.855, 7.130, 0.152, 0.149, 1804.205, 14.500, 2.781, 53.164],
    [9.284, 23.000, 1.100, 400.700, 99.810, 0.159, 1.160, 0.276, 0.172, 693.544, 21.700, 1.622, 4.204],
    [9.433, 23.600, 1.100, 363.200, 88.790, 0.147, 1.330, 0.246, 0.172, 622.278, 21.700, 1.466, 4.204],
    [11.087, 25.400, 1.100, 368.800, 105.310, 0.226, 1.910, 0.218, 0.170, 668.898, 21.700, 1.924, 4.371],
    [13.196, 29.800, 3.300, 342.600, 141.620, 0.350, 2.910, 0.187, 0.136, 812.329, 21.700, 2.683, 10.977],
    [16.737, 38.000, 3.300, 208.300, 223.210, 0.714, 5.930, 0.173, 0.134, 1123.571, 16.000, 3.662, 30.169],
    [20.426, 41.100, 8.100, 173.400, 329.600, 1.186, 7.020, 0.157, 0.134, 1493.456, 16.000, 3.233, 46.061],
    [22.308, 41.100, 8.900, 101.400, 426.550, 1.511, 7.020, 0.148, 0.134, 1856.128, 12.800, 2.946, 51.829],
    [23.575, 41.100, 12.700, 44.400, 506.640, 1.726, 7.020, 0.140, 0.134, 2150.449, 13.400, 2.713, 54.831],
    [23.574, 41.100, 12.100, 5.100, 571.980, 1.823, 7.020, 0.141, 0.134, 2411.320, 15.000, 2.637, 56.405],
    [22.935, 41.100, 11.300, 1.000, 594.860, 1.761, 7.020, 0.142, 0.140, 2553.811, 15.000, 2.673, 56.050],
    [22.065, 40.200, 10.100, 3.900, 597.550, 1.678, 6.380, 0.144, 0.141, 2579.976, 15.700, 2.762, 53.619],
    [20.903, 40.200, 9.100, 11.600, 560.970, 1.569, 6.380, 0.149, 0.142, 2484.760, 15.700, 2.750, 53.253],
    [18.799, 40.200, 4.800, 41.200, 483.930, 1.242, 6.380, 0.165, 0.143, 2291.407, 18.200, 2.779, 51.981],
    [16.120, 40.200, 4.100, 108.800, 385.530, 0.934, 6.380, 0.193, 0.144, 1962.274, 18.600, 2.966, 48.156],
    [13.717, 35.000, -0.100, 164.200, 292.240, 0.624, 4.930, 0.230, 0.145, 1641.899, 19.900, 3.439, 34.067],
    [11.551, 29.600, -0.100, 291.300, 214.470, 0.428, 3.520, 0.244, 0.152, 1314.659, 20.300, 3.589, 16.541],
    [10.131, 26.500, -0.100, 304.300, 164.140, 0.322, 1.590, 0.263, 0.176, 1054.429, 20.300, 3.369, 5.421],
    [9.575, 20.300, -0.100, 362.000, 129.760, 0.277, 1.320, 0.259, 0.176, 834.602, 21.800, 2.547, 6.171],
    [9.224, 19.400, -0.100, 455.900, 115.420, 0.273, 1.320, 0.241, 0.139, 727.067, 21.800, 1.481, 9.254],
    [10.227, 24.300, 0.000, 300.100, 137.170, 0.362, 2.380, 0.217, 0.139, 772.931, 21.800, 2.828, 11.347],
    [12.973, 39.200, 1.900, 303.900, 185.940, 0.631, 6.340, 0.198, 0.139, 873.036, 21.800, 2.938, 33.504],
    [16.028, 40.200, 1.900, 178.700, 263.480, 1.023, 6.700, 0.170, 0.139, 1153.778, 17.200, 3.290, 40.540],
    [19.684, 40.200, 2.500, 148.600, 363.440, 1.485, 6.700, 0.153, 0.139, 1472.141, 17.200, 3.102, 45.739],
    [22.347, 40.200, 7.200, 21.600, 451.280, 1.761, 6.850, 0.153, 0.151, 1808.626, 16.500, 2.802, 51.959],
    [9.138, 23.500, 0.600, 370.100, 106.010, 0.182, 1.360, 0.270, 0.161, 717.300, 20.800, 1.996, 5.608],
    [9.312, 25.100, 0.900, 317.200, 96.840, 0.180, 1.900, 0.239, 0.132, 652.046, 20.800, 2.038, 7.462],
    [11.012, 26.300, 0.900, 343.000, 113.240, 0.268, 2.260, 0.207, 0.132, 689.414, 20.800, 2.186, 9.022],
    [13.194, 32.200, 2.000, 323.000, 151.310, 0.413, 3.970, 0.173, 0.132, 829.224, 20.800, 2.759, 17.220],
    [16.846, 38.300, 2.700, 185.100, 232.670, 0.803, 6.090, 0.162, 0.132, 1133.233, 18.300, 3.508, 33.989],
    [20.815, 41.200, 8.100, 156.300, 338.650, 1.331, 7.080, 0.152, 0.132, 1494.882, 18.300, 3.149, 47.919],
    [22.975, 41.200, 8.100, 76.700, 438.280, 1.696, 7.080, 0.148, 0.141, 1858.378, 13.500, 2.853, 52.750],
    [26.388, 38.000, 13.200, 166.500, 479.240, 1.392, 5.010, 0.252, 0.226, 1910.520, 15.600, 3.434, 38.051],
    [26.839, 38.000, 13.200, 249.400, 503.070, 1.330, 5.010, 0.252, 0.214, 2028.164, 19.600, 3.580, 35.885],
    [26.811, 38.000, 14.400, 287.900, 515.960, 1.296, 5.010, 0.247, 0.214, 2131.438, 19.600, 3.644, 34.640],
    [24.896, 38.000, 10.900, 318.800, 486.610, 1.106, 5.010, 0.245, 0.206, 2129.249, 20.700, 3.817, 33.247],
    [22.477, 34.800, 8.300, 478.700, 432.820, 0.871, 4.310, 0.232, 0.162, 2011.118, 20.700, 4.161, 18.710],
    [19.783, 34.800, 1.400, 464.600, 401.390, 0.813, 4.310, 0.213, 0.148, 1915.132, 23.000, 3.926, 22.152],
    [17.178, 34.800, 0.300, 391.400, 393.770, 0.853, 4.310, 0.192, 0.140, 1813.892, 29.200, 3.777, 28.101],
    [12.613, 31.100, -16.100, 362.600, 333.380, 0.727, 3.030, 0.178, 0.140, 1618.420, 29.200, 3.429, 30.113],
    [9.622, 31.100, -16.100, 151.900, 301.240, 0.705, 3.330, 0.164, 0.140, 1463.458, 29.200, 2.879, 41.828],
    [6.446, 28.200, -16.100, 77.200, 238.590, 0.557, 3.330, 0.164, 0.140, 1248.646, 29.200, 2.525, 45.442],
    [4.877, 28.200, -16.100, 90.300, 170.140, 0.378, 3.330, 0.173, 0.140, 1033.538, 24.500, 2.751, 38.949],
    [5.464, 28.200, -14.800, 96.800, 151.920, 0.340, 3.330, 0.186, 0.143, 933.984, 24.700, 2.929, 36.670],
    [7.908, 30.800, -14.800, 203.200, 172.110, 0.394, 3.080, 0.200, 0.155, 957.542, 24.700, 3.233, 26.913],
    [12.850, 33.100, -3.300, 187.800, 252.480, 0.694, 3.840, 0.202, 0.170, 1096.949, 24.700, 3.490, 30.284],
    [16.669, 38.000, -3.300, 215.900, 328.400, 0.965, 4.810, 0.202, 0.158, 1301.753, 24.700, 3.292, 46.972],
    [21.093, 38.000, 1.900, 226.200, 408.390, 1.254, 4.810, 0.202, 0.158, 1535.026, 24.700, 3.542, 39.293],
    [24.745, 40.700, 5.300, 136.600, 508.150, 1.621, 5.910, 0.200, 0.158, 1788.350, 21.900, 3.056, 50.157],
    [6.968, 27.000, -16.000, 55.400, 211.890, 0.552, 2.940, 0.205, 0.175, 1099.436, 19.400, 2.766, 36.528],
    [7.028, 28.500, -16.000, 58.200, 188.570, 0.496, 3.040, 0.214, 0.177, 998.932, 19.400, 2.832, 36.017],
    [10.645, 28.500, -8.100, 105.500, 217.110, 0.593, 3.040, 0.222, 0.198, 1017.302, 19.500, 3.212, 32.271],
    [13.979, 31.100, -8.100, 136.000, 253.800, 0.734, 3.250, 0.224, 0.198, 1127.750, 19.500, 3.397, 32.533],
    [17.571, 33.300, -5.200, 157.700, 305.780, 0.905, 3.690, 0.221, 0.185, 1319.087, 19.500, 3.505, 34.075],
    [20.920, 36.000, -2.900, 232.600, 349.110, 1.020, 3.740, 0.223, 0.185, 1479.686, 19.500, 3.814, 32.052],
    [24.456, 37.000, 8.600, 214.000, 423.160, 1.265, 4.480, 0.219, 0.185, 1700.888, 16.200, 3.630, 32.266],
    [26.123, 37.000, 13.100, 167.400, 475.460, 1.344, 4.480, 0.222, 0.185, 1920.672, 15.800, 3.408, 35.338],
    [26.614, 37.000, 13.100, 262.300, 498.590, 1.288, 4.480, 0.222, 0.187, 2029.806, 19.100, 3.586, 32.408],
    [26.557, 37.000, 14.000, 306.000, 509.560, 1.244, 4.480, 0.213, 0.165, 2128.777, 19.100, 3.630, 32.170],
    [24.692, 36.800, 9.900, 329.500, 482.650, 1.073, 4.480, 0.207, 0.161, 2127.344, 19.100, 3.785, 30.360],
    [22.356, 34.400, 7.900, 512.500, 431.780, 0.862, 4.000, 0.197, 0.150, 2011.313, 19.100, 4.044, 16.050],
    [19.695, 34.400, 1.200, 450.700, 401.790, 0.816, 4.000, 0.182, 0.138, 1918.328, 22.500, 3.893, 20.250],
    [17.125, 34.400, 0.400, 381.400, 397.780, 0.867, 4.000, 0.170, 0.138, 1822.831, 28.600, 3.782, 25.624],
    [12.574, 31.200, -16.100, 360.300, 336.990, 0.738, 2.980, 0.168, 0.138, 1627.024, 28.600, 3.420, 29.680],
    [9.595, 31.200, -16.100, 121.100, 304.770, 0.715, 2.980, 0.158, 0.138, 1476.817, 28.600, 2.777, 41.733],
    [6.423, 28.100, -16.100, 84.700, 242.560, 0.569, 2.940, 0.164, 0.138, 1265.936, 28.600, 2.600, 42.456],
    [4.854, 26.600, -16.100, 86.400, 173.160, 0.386, 2.690, 0.175, 0.138, 1050.512, 23.600, 2.795, 35.461],
    [5.437, 26.600, -15.000, 102.900, 155.250, 0.352, 2.690, 0.188, 0.144, 948.661, 24.100, 3.041, 31.934],
    [7.847, 30.600, -15.000, 237.800, 174.870, 0.405, 3.060, 0.204, 0.157, 968.645, 24.100, 3.111, 26.327],
    [12.807, 33.200, -3.700, 225.300, 254.890, 0.706, 3.890, 0.204, 0.170, 1104.512, 24.100, 3.644, 28.233],
    [16.646, 37.800, -3.700, 269.800, 331.420, 0.980, 4.750, 0.202, 0.152, 1309.702, 24.100, 3.465, 44.289],
    [20.993, 37.800, 1.800, 284.700, 406.950, 1.243, 4.750, 0.199, 0.152, 1539.709, 24.100, 3.700, 36.266],
    [24.629, 40.200, 4.900, 142.700, 505.370, 1.606, 5.760, 0.191, 0.152, 1793.056, 20.700, 3.073, 48.536],
    [2.486, 23.100, -20.000, 46.000, 155.440, 0.336, 2.200, 0.301, 0.249, 939.978, 28.200, 2.780, 35.381],
    [2.737, 23.500, -20.000, 81.200, 138.150, 0.305, 1.860, 0.300, 0.258, 847.994, 28.200, 3.142, 28.345],
    [6.236, 23.500, -11.800, 100.300, 163.910, 0.380, 1.860, 0.297, 0.258, 865.876, 28.200, 3.321, 27.862],
    [10.101, 29.500, -11.800, 114.300, 215.190, 0.510, 2.550, 0.298, 0.258, 1005.372, 28.200, 3.336, 32.777],
    [14.086, 30.400, -8.600, 241.500, 263.260, 0.603, 2.550, 0.302, 0.258, 1201.363, 22.200, 3.977, 22.053],
    [17.929, 34.600, -7.100, 289.400, 314.720, 0.715, 3.000, 0.300, 0.238, 1408.237, 19.700, 4.099, 24.959],
    [21.868, 37.000, 4.600, 296.400, 402.540, 0.932, 4.230, 0.287, 0.210, 1682.500, 20.500, 4.156, 27.404],
    [23.987, 37.000, 10.500, 282.600, 453.410, 1.050, 4.230, 0.276, 0.210, 1899.054, 20.500, 3.973, 29.664],
    [24.970, 37.000, 10.500, 303.200, 498.070, 1.124, 4.230, 0.276, 0.210, 2065.284, 21.400, 3.918, 30.405],
    [24.771, 37.000, 8.600, 250.200, 514.180, 1.136, 4.230, 0.278, 0.210, 2169.922, 21.400, 3.795, 32.848],
    [22.750, 35.200, 7.800, 260.400, 487.860, 1.011, 3.720, 0.284, 0.230, 2177.420, 21.400, 4.061, 24.345],
    [20.105, 34.800, 2.500, 272.800, 449.980, 0.863, 3.720, 0.297, 0.239, 2115.274, 21.400, 4.075, 21.895],
    [16.743, 33.300, -0.500, 284.400, 401.100, 0.740, 3.120, 0.299, 0.239, 1979.302, 21.300, 4.064, 18.876],
    [13.846, 31.000, -3.800, 206.700, 371.460, 0.707, 3.120, 0.295, 0.239, 1825.178, 25.800, 3.623, 30.366],
    [8.883, 31.000, -23.800, 124.300, 308.960, 0.586, 3.120, 0.311, 0.239, 1646.608, 25.800, 3.112, 37.574],
    [5.062, 31.000, -23.800, 62.300, 260.040, 0.513, 3.120, 0.321, 0.239, 1459.382, 25.800, 2.727, 40.828],
    [1.232, 27.900, -23.800, 81.500, 186.100, 0.358, 2.280, 0.338, 0.274, 1221.170, 25.800, 2.825, 31.821],
    [-0.767, 18.900, -23.800, 68.700, 123.300, 0.222, 1.520, 0.355, 0.325, 988.765, 24.500, 2.851, 27.106],
    [-0.053, 15.900, -22.200, 99.900, 109.850, 0.209, 1.170, 0.365, 0.339, 874.609, 24.500, 3.230, 20.062],
    [3.098, 30.300, -22.200, 194.500, 132.940, 0.278, 3.290, 0.353, 0.213, 847.487, 24.500, 2.839, 25.990],
    [8.716, 31.000, -8.000, 160.100, 208.500, 0.535, 3.290, 0.321, 0.213, 972.641, 24.500, 3.436, 30.633],
    [13.055, 33.200, -6.900, 175.800, 280.230, 0.770, 3.940, 0.291, 0.213, 1182.967, 24.500, 3.487, 37.343],
    [18.142, 38.500, -1.800, 199.000, 370.720, 1.056, 4.710, 0.263, 0.213, 1448.924, 24.500, 3.468, 45.889],
    [21.708, 38.500, 1.200, 99.700, 445.910, 1.280, 4.710, 0.237, 0.205, 1724.368, 20.900, 3.322, 44.728],
    [2.457, 23.600, -20.000, 50.700, 150.560, 0.332, 2.410, 0.283, 0.207, 940.154, 26.100, 2.876, 34.775],
    [2.710, 23.200, -20.000, 88.000, 133.230, 0.295, 1.880, 0.290, 0.246, 850.338, 26.100, 3.274, 25.840],
    [6.295, 23.200, -11.800, 110.600, 159.110, 0.375, 1.880, 0.289, 0.246, 866.052, 26.100, 3.463, 25.148],
    [10.246, 30.100, -11.800, 98.900, 211.080, 0.516, 2.730, 0.283, 0.245, 1000.598, 26.100, 3.313, 34.059],
    [14.308, 30.600, -8.400, 157.600, 260.210, 0.621, 2.730, 0.281, 0.245, 1194.685, 20.800, 3.707, 28.667],
    [18.166, 35.500, -6.700, 186.400, 313.310, 0.744, 3.260, 0.269, 0.174, 1402.002, 19.700, 3.713, 35.761],
    [22.143, 38.200, 3.900, 195.200, 400.680, 0.968, 4.800, 0.245, 0.156, 1671.613, 18.200, 3.683, 37.857],
    [24.281, 38.200, 10.300, 196.700, 453.110, 1.094, 4.800, 0.228, 0.156, 1892.848, 18.200, 3.499, 38.918],
    [25.287, 38.200, 10.300, 312.300, 498.640, 1.169, 4.800, 0.215, 0.156, 2060.050, 20.900, 3.627, 36.424],
    [25.138, 38.200, 9.100, 305.100, 516.570, 1.184, 4.800, 0.202, 0.156, 2168.687, 20.900, 3.559, 37.137],
    [23.166, 35.500, 6.700, 329.000, 494.300, 1.073, 3.930, 0.200, 0.155, 2182.702, 20.900, 3.901, 25.552],
    [20.562, 35.500, 2.800, 328.000, 458.440, 0.930, 4.310, 0.201, 0.151, 2113.758, 21.700, 3.893, 27.567],
    [17.166, 33.500, -0.200, 307.500, 407.450, 0.798, 4.310, 0.209, 0.151, 1967.159, 21.700, 3.812, 27.158],
    [14.227, 33.300, -3.100, 169.300, 375.870, 0.758, 4.310, 0.228, 0.151, 1806.026, 26.900, 3.245, 41.281],
    [9.125, 33.300, -23.200, 105.400, 308.080, 0.608, 4.310, 0.262, 0.151, 1624.586, 26.900, 2.907, 48.884],
    [5.205, 33.300, -23.200, 47.400, 257.650, 0.527, 4.310, 0.297, 0.151, 1440.846, 26.900, 2.557, 52.047],
    [1.255, 28.600, -23.200, 67.300, 181.490, 0.354, 2.510, 0.326, 0.243, 1209.892, 26.900, 2.748, 35.094],
    [-0.751, 18.900, -23.200, 72.700, 118.870, 0.216, 1.510, 0.342, 0.318, 981.443, 24.800, 2.950, 26.168],
    [0.014, 20.400, -22.900, 98.900, 106.830, 0.205, 1.140, 0.345, 0.322, 870.278, 23.100, 3.297, 19.035],
    [3.217, 30.500, -22.900, 234.300, 130.140, 0.275, 3.280, 0.333, 0.206, 846.760, 23.100, 2.647, 25.230],
    [8.890, 30.600, -7.800, 202.800, 205.420, 0.528, 3.280, 0.305, 0.206, 972.601, 23.100, 3.619, 25.485],
    [13.227, 33.900, -6.500, 223.500, 274.790, 0.750, 3.930, 0.280, 0.206, 1187.183, 23.100, 3.757, 32.863],
    [18.279, 38.800, -2.500, 242.600, 361.400, 1.019, 4.700, 0.258, 0.206, 1451.304, 23.100, 3.591, 44.562],
    [21.801, 39.300, 1.100, 138.400, 437.590, 1.245, 5.230, 0.237, 0.206, 1725.530, 20.800, 3.395, 45.012],
    [2.479, 23.400, -20.000, 43.800, 154.490, 0.340, 2.270, 0.275, 0.234, 930.190, 26.500, 2.820, 35.200],
    [2.760, 23.900, -20.000, 85.800, 137.340, 0.308, 1.850, 0.272, 0.219, 841.050, 26.500, 3.236, 26.755],
    [6.313, 23.900, -11.700, 116.800, 163.720, 0.386, 1.850, 0.264, 0.219, 859.414, 26.500, 3.459, 24.982],
    [10.223, 30.000, -11.700, 131.300, 215.600, 0.521, 2.620, 0.258, 0.219, 999.328, 26.500, 3.426, 30.790],
    [14.261, 30.500, -8.400, 232.200, 263.070, 0.617, 2.620, 0.258, 0.219, 1194.170, 20.400, 3.979, 22.267],
    [18.142, 35.500, -6.400, 268.300, 315.490, 0.738, 3.360, 0.254, 0.190, 1403.518, 18.300, 3.974, 30.052],
    [22.108, 37.500, 4.400, 267.400, 403.800, 0.960, 4.320, 0.243, 0.176, 1676.174, 18.500, 3.960, 30.009],
    [24.276, 37.500, 11.000, 225.600, 456.260, 1.091, 4.320, 0.234, 0.176, 1892.156, 18.500, 3.665, 33.364],
    [25.252, 37.500, 11.000, 292.700, 500.890, 1.158, 4.320, 0.236, 0.176, 2061.025, 20.500, 3.728, 32.566],
    [25.069, 37.500, 9.600, 248.900, 517.510, 1.172, 4.320, 0.236, 0.176, 2166.595, 20.500, 3.621, 34.634],
    [23.080, 35.600, 7.700, 296.100, 493.570, 1.053, 3.870, 0.244, 0.194, 2177.024, 20.500, 4.003, 24.472],
    [20.430, 35.300, 3.000, 319.900, 455.500, 0.899, 3.870, 0.259, 0.207, 2114.888, 20.500, 4.157, 21.674],
    [17.083, 33.400, 0.100, 312.600, 408.160, 0.781, 3.530, 0.269, 0.207, 1976.087, 19.900, 4.156, 18.375],
    [14.176, 32.000, -3.400, 227.800, 379.390, 0.750, 3.530, 0.278, 0.207, 1819.584, 25.200, 3.700, 30.896],
    [9.114, 32.000, -23.800, 116.700, 314.120, 0.614, 3.530, 0.303, 0.225, 1639.134, 25.200, 3.070, 40.350],
    [5.163, 32.000, -23.800, 61.100, 262.860, 0.532, 3.530, 0.319, 0.225, 1451.711, 25.200, 2.690, 43.131],
    [1.248, 28.000, -23.800, 74.600, 187.200, 0.367, 2.360, 0.335, 0.274, 1215.518, 25.200, 2.785, 32.790],
    [-0.804, 19.400, -23.800, 69.300, 122.750, 0.225, 1.580, 0.349, 0.330, 983.416, 24.600, 2.875, 27.009],
    [-0.044, 17.000, -22.400, 95.900, 109.800, 0.213, 1.290, 0.358, 0.341, 868.396, 24.400, 3.224, 20.732],
    [3.179, 30.600, -22.400, 222.300, 133.640, 0.286, 3.350, 0.340, 0.180, 843.523, 24.400, 2.715, 26.300],
    [8.834, 31.400, -7.800, 188.500, 207.700, 0.545, 3.350, 0.305, 0.180, 967.540, 24.400, 3.632, 28.149],
    [13.196, 33.600, -6.600, 204.000, 278.270, 0.780, 4.070, 0.270, 0.180, 1179.508, 24.400, 3.605, 35.958],
    [18.293, 39.400, -1.800, 226.400, 367.220, 1.066, 5.110, 0.236, 0.180, 1446.566, 24.400, 3.446, 46.495],
    [21.851, 39.400, 0.800, 119.500, 441.530, 1.296, 5.110, 0.209, 0.180, 1717.438, 20.300, 3.250, 46.487],
    [0.270, 19.800, -20.900, 38.000, 145.380, 0.331, 1.840, 0.324, 0.287, 831.341, 30.900, 2.566, 36.222],
    [0.755, 24.500, -20.900, 35.200, 131.260, 0.307, 2.180, 0.331, 0.304, 721.609, 30.900, 2.537, 37.167],
    [3.826, 24.500, -17.300, 29.900, 155.480, 0.371, 2.180, 0.338, 0.304, 751.205, 30.900, 2.556, 38.684],
    [7.133, 29.000, -17.300, 56.500, 193.990, 0.454, 2.760, 0.339, 0.293, 897.563, 30.900, 2.756, 40.185],
    [10.867, 31.000, -17.300, 129.300, 233.160, 0.516, 2.760, 0.338, 0.293, 1111.565, 26.500, 3.277, 32.719],
    [15.060, 31.100, -9.700, 153.600, 288.490, 0.615, 2.760, 0.325, 0.255, 1356.926, 23.700, 3.505, 31.761],
    [18.728, 33.700, 0.300, 232.300, 343.380, 0.688, 2.870, 0.305, 0.253, 1613.243, 20.300, 4.129, 16.027],
    [20.983, 33.700, 6.200, 275.400, 382.220, 0.701, 2.870, 0.295, 0.253, 1842.948, 18.900, 4.384, 11.259],
    [21.985, 33.700, 6.200, 276.200, 424.280, 0.743, 2.870, 0.286, 0.253, 2031.991, 18.900, 4.381, 12.650],
    [21.595, 33.700, 6.900, 340.000, 443.750, 0.771, 2.870, 0.291, 0.253, 2124.979, 18.900, 4.489, 10.346],
    [19.664, 33.700, 4.600, 329.400, 441.150, 0.761, 2.710, 0.297, 0.241, 2139.102, 24.500, 4.339, 12.576],
    [16.934, 33.200, -0.800, 293.000, 423.680, 0.742, 2.820, 0.290, 0.172, 2096.824, 24.500, 4.066, 20.255],
    [13.468, 33.200, -4.800, 240.300, 378.700, 0.686, 2.820, 0.265, 0.169, 1939.558, 24.500, 3.699, 29.146],
    [10.078, 27.000, -6.700, 179.400, 330.180, 0.602, 2.820, 0.236, 0.167, 1770.124, 24.500, 3.317, 33.387],
    [5.086, 26.300, -29.000, 106.800, 271.970, 0.500, 2.820, 0.200, 0.158, 1618.128, 24.500, 2.811, 37.150],
    [1.430, 26.300, -29.000, 81.600, 218.590, 0.414, 2.820, 0.174, 0.154, 1364.227, 24.500, 2.540, 37.871],
    [-1.328, 25.900, -29.000, 60.900, 166.910, 0.321, 2.390, 0.165, 0.148, 1121.324, 24.500, 2.409, 35.959],
    [-3.130, 18.000, -29.000, 58.500, 118.110, 0.233, 1.600, 0.159, 0.148, 878.350, 24.900, 2.482, 31.211],
    [-2.224, 15.400, -21.100, 32.600, 116.060, 0.247, 1.390, 0.160, 0.148, 762.462, 24.900, 2.257, 35.499],
    [0.523, 23.900, -20.300, 74.300, 123.280, 0.274, 2.110, 0.172, 0.148, 727.920, 24.900, 2.760, 29.723],
    [5.250, 28.200, -12.900, 70.000, 181.490, 0.448, 2.940, 0.179, 0.148, 869.054, 24.900, 2.648, 39.043],
    [9.733, 31.800, -11.600, 96.200, 260.220, 0.693, 3.930, 0.185, 0.156, 1102.518, 22.600, 2.778, 43.486],
    [15.263, 34.900, -5.300, 100.300, 351.040, 0.956, 3.930, 0.192, 0.169, 1370.351, 22.600, 2.949, 45.020],
    [19.013, 35.200, 1.600, 97.900, 414.050, 1.105, 4.340, 0.196, 0.169, 1618.326, 20.200, 3.269, 35.078],
    [0.038, 19.700, -21.000, 31.400, 138.060, 0.319, 1.790, 0.290, 0.267, 830.938, 26.700, 2.657, 34.801],
    [0.575, 25.000, -21.000, 28.900, 125.120, 0.299, 2.370, 0.280, 0.237, 725.422, 26.700, 2.658, 36.950],
    [3.692, 25.000, -17.000, 28.500, 149.150, 0.366, 2.370, 0.276, 0.237, 751.302, 26.700, 2.728, 37.748],
    [7.142, 30.100, -17.000, 49.500, 191.170, 0.467, 3.080, 0.269, 0.224, 892.728, 26.700, 2.866, 40.651],
    [11.011, 32.500, -17.000, 99.900, 234.570, 0.546, 3.320, 0.261, 0.224, 1104.815, 23.900, 3.213, 37.352],
    [15.270, 32.500, -10.000, 129.800, 291.210, 0.656, 3.320, 0.255, 0.204, 1346.422, 21.800, 3.428, 35.905],
    [19.069, 35.500, 0.000, 188.500, 352.880, 0.766, 3.710, 0.237, 0.186, 1601.359, 18.900, 3.767, 27.526],
    [21.380, 35.500, 6.100, 220.400, 395.460, 0.802, 3.710, 0.222, 0.174, 1837.048, 17.000, 3.923, 23.363],
    [22.413, 35.500, 6.100, 233.400, 438.520, 0.850, 3.710, 0.211, 0.174, 2023.175, 17.200, 3.879, 23.865],
    [21.985, 35.500, 6.900, 290.800, 455.820, 0.868, 3.710, 0.204, 0.174, 2116.094, 17.200, 4.002, 21.751],
    [20.023, 35.500, 5.100, 299.600, 451.340, 0.838, 3.710, 0.197, 0.155, 2134.246, 23.100, 3.859, 25.367],
    [17.189, 33.900, -1.200, 269.900, 426.730, 0.781, 2.930, 0.196, 0.155, 2085.390, 23.100, 3.747, 23.564],
    [13.656, 33.900, -4.400, 227.900, 377.880, 0.702, 2.930, 0.201, 0.155, 1928.340, 23.100, 3.470, 30.151],
    [10.197, 27.900, -6.300, 184.800, 327.880, 0.612, 2.720, 0.204, 0.155, 1761.012, 24.200, 3.244, 33.231],
    [5.112, 26.300, -30.000, 110.700, 267.390, 0.501, 2.720, 0.204, 0.155, 1609.092, 24.200, 2.857, 36.223],
    [1.443, 26.300, -30.000, 88.900, 214.070, 0.411, 2.720, 0.205, 0.172, 1361.552, 24.200, 2.722, 34.781],
    [-1.326, 26.000, -30.000, 71.500, 163.210, 0.320, 2.350, 0.200, 0.181, 1122.610, 24.200, 2.654, 31.438],
    [-3.123, 18.100, -30.000, 68.400, 115.180, 0.232, 1.630, 0.191, 0.174, 881.816, 22.800, 2.751, 26.023],
    [-2.194, 15.800, -22.600, 38.000, 112.710, 0.246, 1.440, 0.186, 0.174, 766.962, 21.900, 2.468, 30.707],
    [0.562, 23.200, -20.100, 73.100, 119.830, 0.271, 1.800, 0.195, 0.174, 733.255, 21.900, 2.917, 25.249],
    [5.273, 28.100, -12.400, 67.700, 176.160, 0.445, 3.130, 0.200, 0.174, 871.819, 21.900, 2.756, 36.544],
    [9.752, 31.800, -11.100, 101.700, 253.400, 0.680, 3.900, 0.203, 0.174, 1104.019, 19.900, 2.924, 39.823],
    [15.282, 35.100, -4.900, 105.900, 342.690, 0.942, 3.960, 0.210, 0.176, 1369.656, 19.900, 3.067, 42.550],
    [19.038, 35.100, 1.800, 112.700, 405.060, 1.090, 4.210, 0.213, 0.180, 1611.497, 19.900, 3.413, 31.770],
    [0.072, 19.800, -21.400, 33.200, 140.610, 0.325, 1.790, 0.307, 0.281, 832.842, 26.200, 2.622, 34.378],
    [0.625, 24.900, -21.400, 30.200, 127.500, 0.304, 2.330, 0.304, 0.280, 728.006, 26.200, 2.604, 36.343],
    [3.730, 24.900, -16.800, 29.100, 152.330, 0.372, 2.330, 0.313, 0.280, 753.998, 26.200, 2.652, 37.259],
    [7.151, 29.900, -16.800, 48.900, 193.670, 0.469, 3.080, 0.318, 0.280, 897.779, 26.200, 2.783, 40.530],
    [10.968, 32.000, -16.800, 95.900, 236.000, 0.544, 3.100, 0.321, 0.280, 1111.187, 24.400, 3.142, 36.673],
    [15.196, 32.000, -10.100, 123.900, 292.200, 0.649, 3.100, 0.316, 0.257, 1353.100, 22.700, 3.383, 35.470],
    [18.931, 34.500, -0.100, 169.500, 350.480, 0.742, 3.240, 0.296, 0.245, 1607.396, 19.500, 3.871, 23.705],
    [21.220, 34.500, 6.200, 206.300, 391.700, 0.768, 3.240, 0.280, 0.230, 1844.226, 17.200, 4.160, 18.156],
    [22.262, 34.500, 6.200, 219.500, 434.900, 0.817, 3.240, 0.262, 0.211, 2028.247, 17.200, 4.111, 18.596],
    [21.827, 34.500, 6.600, 279.800, 452.660, 0.837, 3.240, 0.253, 0.211, 2121.851, 17.400, 4.224, 16.328],
    [19.895, 34.500, 5.100, 300.700, 449.370, 0.816, 3.240, 0.248, 0.211, 2137.896, 23.900, 4.139, 18.257],
    [17.104, 33.900, -1.500, 256.400, 427.780, 0.775, 2.940, 0.254, 0.211, 2091.852, 23.900, 3.899, 23.165],
    [13.595, 33.900, -4.600, 219.600, 379.800, 0.700, 2.940, 0.263, 0.211, 1937.092, 23.900, 3.648, 29.401],
    [10.187, 27.400, -6.200, 172.100, 331.520, 0.616, 2.940, 0.265, 0.217, 1770.682, 25.000, 3.382, 33.758],
    [5.131, 26.900, -30.000, 99.100, 271.120, 0.507, 2.940, 0.263, 0.222, 1616.875, 25.000, 2.986, 36.830],
    [1.474, 26.900, -30.000, 82.800, 217.470, 0.418, 2.940, 0.255, 0.222, 1367.809, 25.000, 2.815, 36.525],
    [-1.256, 26.000, -30.000, 64.700, 166.700, 0.328, 2.420, 0.244, 0.222, 1127.776, 25.000, 2.717, 33.258],
    [-3.058, 18.500, -30.000, 61.900, 117.650, 0.237, 1.690, 0.236, 0.217, 885.053, 25.000, 2.800, 27.977],
    [-2.143, 15.900, -22.200, 32.900, 115.060, 0.250, 1.430, 0.232, 0.185, 772.754, 22.400, 2.554, 31.481],
    [0.588, 23.500, -19.900, 61.600, 121.520, 0.273, 1.930, 0.232, 0.177, 736.790, 22.400, 2.910, 27.312],
    [5.240, 28.400, -12.100, 57.600, 176.190, 0.442, 3.150, 0.226, 0.177, 873.954, 22.400, 2.764, 37.812],
    [9.690, 31.700, -11.300, 93.000, 252.460, 0.676, 3.840, 0.216, 0.177, 1105.938, 20.200, 2.931, 40.022],
    [15.224, 35.000, -4.900, 98.500, 341.960, 0.943, 3.930, 0.213, 0.177, 1370.506, 20.200, 3.056, 42.607],
    [19.000, 35.200, 1.400, 111.300, 404.990, 1.092, 4.330, 0.214, 0.182, 1617.260, 20.200, 3.377, 33.709],
    [3.117, 22.700, -19.200, 29.200, 148.400, 0.514, 2.420, 0.122, 0.116, 909.684, 19.600, 2.233, 39.718],
    [3.383, 22.900, -19.200, 29.600, 131.990, 0.514, 2.520, 0.121, 0.116, 821.092, 19.600, 2.251, 39.768],
    [5.724, 26.900, -14.100, 28.600, 152.200, 0.626, 3.210, 0.120, 0.116, 874.001, 19.600, 2.231, 44.635],
    [8.304, 31.400, -14.100, 46.000, 183.320, 0.703, 4.110, 0.121, 0.116, 1010.516, 19.600, 2.329, 48.775],
    [11.265, 33.500, -14.100, 89.200, 232.440, 0.874, 4.610, 0.123, 0.117, 1217.102, 21.300, 2.572, 49.225],
    [15.469, 35.900, -3.400, 126.000, 300.290, 1.105, 5.230, 0.127, 0.117, 1483.722, 21.300, 2.817, 48.383],
    [19.233, 37.800, 0.300, 131.600, 374.930, 1.482, 6.250, 0.130, 0.120, 1732.165, 21.300, 2.958, 47.318],
    [22.180, 38.700, 5.700, 130.600, 439.050, 1.824, 6.570, 0.135, 0.122, 1954.274, 21.300, 3.047, 47.284],
    [23.849, 38.700, 10.100, 99.800, 497.590, 2.078, 6.630, 0.141, 0.124, 2140.679, 21.300, 2.899, 49.055],
    [23.071, 38.700, 7.000, 124.100, 502.240, 1.994, 6.630, 0.150, 0.124, 2204.334, 18.800, 3.037, 46.875],
    [20.605, 38.700, 1.800, 163.400, 479.800, 1.655, 6.630, 0.153, 0.126, 2204.730, 18.800, 3.138, 45.214],
    [17.378, 38.700, -3.100, 158.100, 448.810, 1.365, 6.630, 0.151, 0.122, 2173.759, 18.800, 2.843, 54.501],
    [13.825, 37.700, -4.600, 182.000, 392.210, 1.023, 6.140, 0.146, 0.115, 2028.733, 17.600, 2.799, 52.761],
    [10.608, 31.500, -4.900, 144.600, 344.560, 0.847, 4.350, 0.141, 0.115, 1866.856, 19.100, 2.758, 44.611],
    [6.320, 30.700, -22.200, 127.600, 278.260, 0.658, 4.230, 0.138, 0.115, 1651.792, 19.100, 2.585, 45.175],
    [2.909, 30.700, -25.600, 90.900, 222.280, 0.545, 4.230, 0.136, 0.115, 1419.581, 19.100, 2.369, 46.168],
    [0.286, 24.500, -25.600, 64.000, 170.490, 0.420, 2.830, 0.134, 0.117, 1182.913, 19.100, 2.353, 38.272],
    [-1.321, 19.000, -25.600, 60.200, 119.140, 0.276, 1.880, 0.135, 0.117, 959.054, 16.800, 2.519, 30.144],
    [-1.265, 19.000, -25.600, 48.600, 103.680, 0.259, 1.610, 0.140, 0.122, 857.196, 16.500, 2.489, 30.458],
    [0.114, 26.600, -25.600, 79.600, 110.670, 0.293, 3.160, 0.145, 0.122, 837.947, 16.500, 2.722, 32.408],
    [4.863, 28.600, -11.800, 75.800, 164.410, 0.522, 3.540, 0.153, 0.122, 950.998, 17.900, 2.610, 39.852],
    [8.573, 32.200, -11.800, 83.500, 236.430, 0.810, 4.260, 0.157, 0.146, 1179.760, 17.900, 2.626, 44.330],
    [13.559, 34.000, -9.800, 78.100, 326.860, 1.193, 4.700, 0.159, 0.146, 1453.730, 17.900, 2.696, 48.055],
    [18.648, 38.300, -3.500, 58.200, 407.690, 1.539, 5.960, 0.161, 0.148, 1677.118, 18.000, 2.704, 55.874],
    [2.952, 22.500, -18.100, 35.700, 163.180, 0.513, 2.380, 0.144, 0.129, 899.323, 20.900, 2.329, 38.604],
    [3.215, 23.600, -18.100, 35.200, 147.550, 0.509, 2.650, 0.138, 0.129, 814.230, 18.300, 2.328, 38.529],
    [5.569, 27.400, -12.600, 31.200, 170.360, 0.616, 3.360, 0.141, 0.129, 865.717, 18.300, 2.296, 43.897],
    [8.202, 30.800, -12.600, 40.700, 199.130, 0.688, 3.900, 0.150, 0.129, 988.880, 17.400, 2.412, 46.562],
    [10.985, 32.500, -12.600, 79.500, 245.130, 0.842, 4.210, 0.157, 0.136, 1201.813, 16.700, 2.682, 45.440],
    [15.215, 35.300, -3.800, 89.900, 314.020, 1.069, 4.960, 0.169, 0.137, 1463.227, 16.700, 2.850, 46.983],
    [18.770, 37.300, -1.000, 96.400, 386.650, 1.377, 5.860, 0.181, 0.151, 1726.916, 16.900, 3.029, 46.305],
    [21.596, 37.700, 6.100, 100.800, 453.190, 1.660, 6.020, 0.194, 0.151, 1959.401, 18.200, 3.245, 42.318],
    [22.972, 37.700, 9.200, 70.700, 505.890, 1.822, 6.020, 0.215, 0.179, 2144.336, 18.200, 3.241, 41.638],
    [22.090, 37.700, 6.700, 137.900, 505.020, 1.702, 6.020, 0.233, 0.181, 2206.177, 18.200, 3.490, 38.889],
    [19.761, 37.700, 2.000, 193.700, 478.500, 1.413, 6.020, 0.223, 0.127, 2196.382, 18.200, 3.447, 40.671],
    [16.604, 37.700, -4.200, 207.100, 446.640, 1.171, 6.020, 0.203, 0.115, 2159.302, 18.200, 3.100, 52.118],
    [13.310, 35.900, -4.200, 245.900, 394.630, 0.921, 5.210, 0.177, 0.113, 2020.003, 17.000, 3.147, 44.496],
    [10.118, 31.000, -8.300, 209.100, 350.600, 0.802, 4.270, 0.142, 0.113, 1855.688, 19.300, 2.912, 42.925],
    [5.806, 30.900, -21.700, 146.300, 287.700, 0.639, 4.270, 0.133, 0.113, 1646.374, 19.300, 2.598, 44.683],
    [2.361, 30.900, -23.700, 110.600, 229.730, 0.525, 4.270, 0.137, 0.113, 1411.787, 19.300, 2.424, 45.225],
    [-0.240, 25.000, -23.700, 63.600, 174.730, 0.402, 2.890, 0.140, 0.113, 1170.526, 19.300, 2.321, 39.294],
    [-1.562, 18.800, -23.700, 63.300, 126.750, 0.295, 1.830, 0.146, 0.120, 949.842, 18.000, 2.539, 30.012],
    [-1.597, 18.400, -23.700, 53.900, 108.810, 0.271, 1.650, 0.149, 0.141, 852.703, 14.600, 2.562, 28.343],
    [0.108, 26.600, -23.700, 80.500, 116.360, 0.315, 3.270, 0.146, 0.122, 826.096, 15.600, 2.680, 33.617],
    [4.903, 29.100, -12.800, 64.400, 171.300, 0.545, 3.660, 0.142, 0.122, 944.820, 16.400, 2.466, 42.274],
    [8.712, 32.200, -12.800, 73.300, 243.520, 0.824, 4.230, 0.139, 0.122, 1177.762, 20.100, 2.466, 48.243],
    [14.068, 34.400, -7.400, 66.500, 339.990, 1.237, 4.740, 0.135, 0.122, 1449.929, 20.100, 2.521, 52.971],
    [19.084, 37.400, -1.800, 53.300, 421.060, 1.576, 5.720, 0.133, 0.123, 1681.294, 21.400, 2.648, 54.543],
    [3.531, 22.400, -16.800, 34.500, 170.480, 0.552, 2.360, 0.178, 0.166, 912.841, 21.000, 2.493, 35.779],
    [3.798, 22.900, -16.800, 34.200, 155.100, 0.553, 2.490, 0.179, 0.159, 825.678, 21.000, 2.492, 36.780],
    [6.086, 26.000, -12.100, 33.400, 176.560, 0.663, 3.010, 0.183, 0.159, 880.531, 21.000, 2.510, 40.527],
    [8.722, 30.600, -12.100, 42.900, 207.170, 0.748, 3.880, 0.186, 0.159, 1016.564, 17.900, 2.594, 43.888],
    [11.400, 32.700, -12.100, 98.900, 252.110, 0.896, 4.380, 0.189, 0.159, 1226.095, 21.500, 2.860, 44.934],
    [15.536, 35.200, -4.000, 134.600, 320.920, 1.115, 4.950, 0.192, 0.168, 1493.806, 21.500, 3.102, 43.612],
    [19.207, 37.600, 1.900, 141.000, 396.480, 1.468, 6.260, 0.191, 0.168, 1744.042, 21.500, 3.279, 39.825],
    [22.012, 37.900, 6.100, 154.200, 463.890, 1.784, 6.290, 0.191, 0.168, 1971.846, 21.500, 3.367, 40.852],
    [23.568, 37.900, 9.800, 112.500, 524.980, 2.009, 6.330, 0.193, 0.173, 2160.601, 21.500, 3.191, 42.797],
    [22.777, 37.900, 6.800, 130.000, 528.030, 1.924, 6.330, 0.198, 0.173, 2226.460, 19.400, 3.297, 41.109],
    [20.331, 37.900, 2.800, 176.300, 500.090, 1.599, 6.330, 0.198, 0.173, 2224.544, 19.400, 3.384, 38.983],
    [17.117, 37.900, -4.000, 167.800, 464.370, 1.316, 6.330, 0.197, 0.173, 2189.293, 19.400, 3.059, 50.056],
    [13.673, 36.800, -4.300, 190.200, 405.110, 1.006, 5.810, 0.195, 0.165, 2042.042, 17.600, 3.073, 45.672],
    [10.571, 31.100, -4.800, 166.500, 356.550, 0.851, 4.310, 0.184, 0.143, 1872.958, 20.000, 2.982, 41.354],
    [6.407, 30.000, -19.900, 132.600, 291.610, 0.680, 4.050, 0.170, 0.127, 1658.617, 20.000, 2.710, 43.622],
    [3.063, 30.000, -24.600, 90.500, 236.710, 0.576, 4.050, 0.154, 0.124, 1425.982, 20.000, 2.423, 45.320],
    [0.392, 24.800, -24.600, 65.900, 183.960, 0.454, 2.850, 0.137, 0.123, 1188.803, 20.000, 2.346, 38.685],
    [-1.182, 20.200, -24.600, 64.700, 131.470, 0.315, 1.890, 0.134, 0.123, 965.052, 18.500, 2.512, 30.157],
    [-1.122, 20.200, -24.600, 50.900, 115.010, 0.293, 1.830, 0.135, 0.123, 861.689, 17.100, 2.452, 30.899],
    [0.244, 26.100, -24.600, 82.600, 121.620, 0.326, 3.160, 0.136, 0.120, 843.761, 17.100, 2.652, 33.377],
    [5.208, 27.600, -11.200, 75.300, 180.360, 0.566, 3.320, 0.136, 0.120, 958.392, 17.500, 2.543, 39.570],
    [8.925, 32.200, -11.200, 81.200, 256.270, 0.853, 4.270, 0.133, 0.120, 1186.369, 17.500, 2.487, 47.283],
    [13.957, 33.500, -6.800, 80.100, 356.980, 1.253, 4.540, 0.128, 0.120, 1466.334, 17.500, 2.564, 50.512],
    [19.061, 37.900, -2.300, 62.000, 444.080, 1.603, 5.910, 0.126, 0.120, 1697.155, 17.600, 2.629, 55.020],
    [-0.395, 12.400, -19.200, 38.200, 155.840, 0.299, 0.990, 0.166, 0.139, 837.140, 30.300, 2.255, 39.664],
    [0.352, 16.100, -19.200, 32.700, 151.030, 0.313, 1.370, 0.171, 0.139, 757.454, 30.300, 2.256, 40.236],
    [2.346, 16.400, -15.600, 40.400, 170.720, 0.357, 1.410, 0.193, 0.139, 801.338, 30.300, 2.431, 39.834],
    [4.832, 25.100, -15.600, 81.600, 201.200, 0.443, 2.660, 0.213, 0.139, 921.280, 30.300, 2.730, 40.415],
    [7.545, 27.900, -15.600, 87.100, 246.090, 0.595, 3.140, 0.227, 0.155, 1153.156, 22.500, 2.888, 39.095],
    [12.007, 34.900, -4.800, 81.600, 330.570, 0.861, 5.220, 0.232, 0.155, 1455.073, 22.500, 2.835, 49.396],
    [15.724, 34.900, -2.500, 75.500, 419.240, 1.175, 5.220, 0.230, 0.210, 1757.725, 22.500, 3.036, 44.336],
    [19.151, 34.900, 5.400, 29.000, 521.740, 1.522, 5.220, 0.228, 0.210, 2067.091, 18.600, 3.227, 36.438],
    [20.376, 34.900, 4.300, 24.100, 582.000, 1.681, 5.220, 0.240, 0.212, 2300.101, 22.500, 3.273, 38.672],
    [19.580, 34.900, 3.800, 45.400, 584.310, 1.583, 5.220, 0.264, 0.220, 2418.563, 22.500, 3.360, 37.946],
    [16.836, 33.300, -1.200, 80.800, 532.410, 1.272, 4.790, 0.284, 0.229, 2414.164, 22.500, 3.305, 40.215],
    [12.800, 33.300, -10.900, 108.900, 452.530, 0.952, 4.790, 0.298, 0.250, 2304.486, 22.500, 3.037, 47.437],
    [9.135, 32.500, -10.900, 116.100, 369.570, 0.656, 4.500, 0.289, 0.201, 2124.979, 22.500, 2.994, 45.967],
    [5.206, 25.900, -10.900, 146.800, 289.360, 0.450, 2.950, 0.260, 0.161, 1897.121, 22.600, 3.154, 34.437],
    [1.387, 22.100, -21.000, 123.700, 227.870, 0.352, 2.220, 0.221, 0.152, 1642.126, 23.500, 2.967, 30.546],
    [-1.757, 22.100, -27.200, 86.000, 184.190, 0.288, 2.220, 0.183, 0.131, 1406.228, 25.900, 2.569, 35.015],
    [-4.191, 19.300, -27.200, 88.200, 134.400, 0.206, 1.840, 0.155, 0.130, 1133.852, 25.900, 2.606, 29.992],
    [-4.672, 12.400, -27.200, 56.500, 112.820, 0.197, 1.080, 0.141, 0.130, 869.879, 25.900, 2.336, 33.101],
    [-4.193, 9.900, -27.200, 34.800, 111.720, 0.213, 0.900, 0.134, 0.129, 759.042, 25.900, 2.098, 36.970],
    [-2.659, 18.100, -27.200, 73.100, 118.160, 0.233, 1.590, 0.143, 0.129, 737.093, 22.300, 2.572, 29.027],
    [2.312, 25.500, -14.000, 60.100, 184.260, 0.443, 2.900, 0.157, 0.129, 865.782, 22.300, 2.394, 40.277],
    [6.392, 29.600, -13.200, 55.200, 274.810, 0.735, 3.730, 0.171, 0.129, 1126.591, 22.900, 2.387, 48.063],
    [10.984, 30.500, -13.200, 62.300, 369.390, 1.038, 4.080, 0.185, 0.129, 1427.537, 22.900, 2.563, 50.807],
    [16.099, 32.600, -7.800, 48.700, 479.280, 1.388, 4.630, 0.190, 0.176, 1710.504, 22.900, 2.750, 50.751],
    [-2.154, 10.800, -21.000, 30.500, 125.710, 0.239, 0.830, 0.234, 0.217, 837.706, 31.500, 2.437, 36.898],
    [-1.332, 15.200, -21.000, 34.500, 122.720, 0.254, 1.190, 0.243, 0.221, 750.582, 31.500, 2.529, 36.127],
    [0.725, 15.200, -17.300, 41.700, 140.760, 0.295, 1.190, 0.261, 0.221, 797.486, 31.500, 2.690, 35.825],
    [3.372, 24.300, -17.300, 65.300, 172.970, 0.384, 2.510, 0.270, 0.221, 923.573, 31.500, 2.878, 37.260],
    [6.322, 26.500, -17.300, 73.000, 222.620, 0.533, 2.880, 0.270, 0.221, 1153.663, 22.000, 3.008, 35.722],
    [10.905, 33.700, -5.800, 64.400, 308.420, 0.792, 4.900, 0.270, 0.236, 1452.287, 22.000, 2.910, 47.449],
    [14.693, 33.700, -1.900, 58.900, 397.520, 1.078, 4.900, 0.258, 0.237, 1760.965, 22.000, 3.107, 41.349],
    [18.030, 33.700, 4.400, 28.700, 495.050, 1.389, 4.900, 0.249, 0.227, 2072.300, 17.700, 3.295, 33.841],
    [19.246, 33.700, 3.900, 22.300, 552.530, 1.531, 4.900, 0.246, 0.223, 2303.795, 22.600, 3.284, 36.493],
    [18.499, 33.700, 2.700, 59.500, 555.930, 1.450, 4.900, 0.234, 0.167, 2417.818, 22.600, 3.281, 36.243],
    [15.811, 32.500, -1.400, 94.300, 505.630, 1.170, 4.570, 0.220, 0.166, 2408.666, 22.600, 3.107, 41.112],
    [11.784, 32.500, -11.100, 124.200, 428.080, 0.881, 4.570, 0.208, 0.166, 2291.508, 22.600, 2.870, 47.664],
    [8.034, 30.000, -11.100, 132.600, 347.850, 0.606, 3.910, 0.202, 0.166, 2114.741, 22.600, 2.862, 42.303],
    [3.998, 25.000, -11.100, 142.400, 267.090, 0.401, 2.770, 0.196, 0.166, 1891.141, 21.200, 2.983, 31.724],
    [0.048, 21.000, -22.400, 110.400, 206.930, 0.307, 2.070, 0.195, 0.168, 1634.076, 21.600, 2.881, 27.550],
    [-3.269, 21.000, -30.500, 78.200, 163.170, 0.244, 2.070, 0.191, 0.163, 1400.720, 24.500, 2.623, 30.502],
    [-5.562, 17.800, -30.500, 81.400, 117.930, 0.175, 1.600, 0.180, 0.162, 1125.684, 24.500, 2.726, 25.945],
    [-6.094, 9.400, -30.500, 61.500, 96.160, 0.167, 0.800, 0.172, 0.162, 858.823, 24.500, 2.592, 26.959],
    [-5.660, 8.100, -30.500, 38.300, 94.990, 0.181, 0.770, 0.166, 0.162, 754.265, 24.500, 2.303, 31.686],
    [-3.891, 17.000, -30.500, 66.300, 101.550, 0.203, 1.480, 0.171, 0.159, 724.828, 19.600, 2.714, 24.492],
    [1.018, 23.400, -14.100, 49.100, 161.950, 0.388, 2.490, 0.182, 0.159, 853.682, 19.600, 2.502, 34.426],
    [5.101, 29.000, -11.500, 44.100, 248.320, 0.650, 3.610, 0.193, 0.159, 1111.759, 22.400, 2.436, 45.058],
    [9.756, 29.100, -11.500, 51.900, 339.060, 0.927, 3.730, 0.204, 0.159, 1413.832, 22.400, 2.639, 46.269],
    [14.806, 31.100, -8.800, 52.200, 446.150, 1.249, 4.100, 0.208, 0.192, 1706.767, 22.400, 2.824, 47.460],
    [-0.787, 11.100, -18.200, 29.200, 150.690, 0.291, 0.900, 0.159, 0.137, 844.135, 31.500, 2.146, 41.458],
    [0.041, 15.200, -18.200, 28.000, 149.730, 0.314, 1.350, 0.158, 0.135, 766.076, 31.500, 2.155, 41.760],
    [2.022, 16.500, -15.100, 37.400, 173.820, 0.366, 1.460, 0.165, 0.135, 812.804, 31.500, 2.294, 41.197],
    [4.609, 24.000, -15.100, 64.700, 207.870, 0.454, 2.530, 0.182, 0.135, 932.339, 31.500, 2.518, 42.455],
    [7.315, 25.600, -15.100, 81.700, 254.590, 0.598, 2.690, 0.202, 0.135, 1163.419, 21.500, 2.794, 38.222],
    [11.697, 33.400, -5.400, 93.400, 336.760, 0.846, 4.770, 0.218, 0.137, 1463.965, 21.500, 2.819, 48.661],
    [15.347, 33.400, -1.100, 93.100, 424.030, 1.155, 4.770, 0.230, 0.175, 1762.906, 21.500, 3.157, 38.588],
    [18.770, 33.400, 5.400, 58.700, 527.250, 1.508, 4.770, 0.224, 0.187, 2064.985, 20.400, 3.289, 33.973],
    [20.179, 33.400, 5.100, 43.800, 594.730, 1.706, 4.770, 0.216, 0.187, 2301.275, 22.700, 3.269, 35.877],
    [19.522, 33.400, 0.100, 60.100, 603.420, 1.651, 4.770, 0.208, 0.181, 2422.282, 22.700, 3.190, 38.921],
    [16.684, 32.600, -2.200, 106.800, 547.690, 1.333, 4.620, 0.201, 0.157, 2417.148, 22.700, 3.054, 43.242],
    [12.514, 32.600, -10.200, 133.200, 460.890, 0.991, 4.620, 0.199, 0.157, 2311.416, 22.700, 2.857, 48.487],
    [8.768, 31.900, -10.200, 147.200, 375.800, 0.682, 4.370, 0.193, 0.154, 2140.711, 22.700, 2.809, 45.903],
    [4.539, 24.800, -11.200, 176.700, 286.230, 0.436, 2.750, 0.183, 0.154, 1922.612, 22.700, 3.035, 31.670],
    [0.942, 21.000, -21.300, 143.700, 223.590, 0.336, 2.080, 0.178, 0.154, 1664.190, 25.900, 2.934, 28.743],
    [-1.952, 21.000, -28.700, 108.600, 181.960, 0.278, 2.080, 0.166, 0.143, 1429.841, 25.900, 2.696, 30.577],
    [-4.369, 17.800, -28.700, 104.500, 132.360, 0.195, 1.590, 0.159, 0.142, 1156.630, 25.900, 2.786, 26.326],
    [-4.773, 10.600, -28.700, 65.400, 112.820, 0.190, 0.910, 0.153, 0.141, 886.457, 25.900, 2.478, 30.606],
    [-4.549, 8.300, -28.700, 42.100, 111.360, 0.203, 0.830, 0.146, 0.141, 772.535, 25.200, 2.223, 34.289],
    [-3.226, 16.300, -28.700, 69.300, 116.330, 0.218, 1.340, 0.141, 0.132, 748.793, 23.200, 2.515, 29.686],
    [1.865, 24.400, -13.000, 57.900, 185.340, 0.430, 2.670, 0.139, 0.132, 871.085, 23.200, 2.328, 39.372],
    [5.977, 28.700, -11.500, 49.900, 279.160, 0.720, 3.540, 0.137, 0.132, 1133.586, 22.500, 2.272, 46.915],
    [10.617, 29.300, -11.500, 57.200, 375.990, 1.023, 3.780, 0.135, 0.132, 1433.927, 23.200, 2.414, 49.237],
    [15.767, 31.400, -7.400, 51.000, 487.110, 1.368, 4.300, 0.133, 0.132, 1717.445, 23.200, 2.523, 53.306],
    [-0.029, 16.900, -21.900, 103.100, 137.840, 0.317, 1.590, 0.166, 0.144, 637.276, 33.800, 2.799, 30.941],
    [1.171, 16.900, -20.200, 89.100, 134.230, 0.341, 1.590, 0.180, 0.149, 535.370, 33.800, 2.780, 32.208],
    [2.873, 18.800, -15.400, 87.600, 155.240, 0.403, 1.680, 0.194, 0.149, 573.804, 33.800, 2.782, 34.198],
    [4.426, 25.400, -15.400, 109.400, 169.720, 0.447, 2.520, 0.210, 0.161, 699.862, 33.800, 2.969, 34.712],
    [7.264, 27.200, -15.400, 100.900, 210.570, 0.588, 3.040, 0.217, 0.194, 960.883, 23.900, 3.008, 34.606],
    [11.087, 30.000, -4.700, 96.800, 278.620, 0.776, 3.540, 0.220, 0.194, 1273.457, 23.900, 3.037, 37.804],
    [13.706, 30.000, -4.700, 128.500, 321.860, 0.863, 3.540, 0.224, 0.204, 1548.410, 21.000, 3.261, 35.318],
    [16.168, 30.000, 1.100, 178.700, 376.410, 0.976, 3.540, 0.230, 0.204, 1819.447, 16.100, 3.706, 21.433],
    [16.356, 30.000, 1.100, 188.200, 403.320, 0.965, 3.540, 0.242, 0.204, 2001.917, 16.100, 3.750, 21.595],
    [15.799, 30.000, -1.800, 227.400, 417.940, 0.917, 3.540, 0.256, 0.204, 2144.981, 16.100, 3.769, 25.483],
    [13.676, 29.600, -2.800, 273.700, 394.550, 0.794, 3.310, 0.276, 0.220, 2113.330, 16.500, 3.907, 22.986],
    [10.895, 29.200, -7.700, 210.700, 369.630, 0.707, 3.310, 0.299, 0.242, 2096.269, 17.800, 3.499, 31.459],
    [7.794, 27.300, -15.600, 234.100, 313.930, 0.545, 2.910, 0.318, 0.258, 1913.216, 24.500, 3.496, 28.796],
    [4.606, 25.200, -15.600, 188.200, 259.210, 0.433, 2.450, 0.328, 0.273, 1688.411, 24.500, 3.352, 26.429],
    [0.356, 21.900, -33.500, 143.300, 206.570, 0.334, 2.110, 0.317, 0.247, 1480.234, 25.800, 3.188, 25.686],
    [-3.283, 18.200, -33.500, 132.700, 152.850, 0.250, 1.660, 0.297, 0.247, 1177.952, 25.800, 3.292, 21.537],
    [-4.638, 18.200, -33.500, 131.000, 114.820, 0.205, 1.610, 0.272, 0.244, 883.062, 25.800, 3.114, 18.900],
    [-5.046, 11.300, -33.500, 116.600, 93.100, 0.194, 0.940, 0.247, 0.204, 672.934, 29.500, 2.871, 20.750],
    [-4.154, 12.700, -33.500, 106.700, 90.360, 0.225, 1.170, 0.234, 0.204, 541.552, 29.500, 2.901, 20.750],
    [-1.099, 18.300, -29.400, 105.900, 103.560, 0.270, 1.700, 0.232, 0.195, 533.927, 29.500, 3.142, 20.750],
    [2.571, 23.500, -11.300, 66.100, 143.380, 0.406, 2.370, 0.233, 0.195, 667.688, 29.500, 2.829, 33.750],
    [5.654, 26.100, -10.600, 142.900, 192.630, 0.531, 2.760, 0.246, 0.195, 902.030, 24.800, 3.350, 28.123],
    [9.312, 29.900, -10.600, 161.800, 252.850, 0.706, 3.510, 0.257, 0.195, 1176.311, 24.800, 3.359, 34.662],
    [13.129, 29.900, -4.900, 176.500, 316.490, 0.860, 3.510, 0.267, 0.244, 1462.140, 24.800, 3.507, 34.244],
    [-3.302, 10.200, -24.500, 142.600, 86.440, 0.171, 0.860, 0.283, 0.261, 636.484, 33.300, 2.672, 22.650],
    [-2.245, 12.000, -24.500, 131.000, 82.590, 0.181, 0.940, 0.276, 0.253, 535.756, 33.300, 2.744, 22.650],
    [-0.604, 14.100, -24.500, 132.800, 98.420, 0.221, 1.120, 0.269, 0.247, 570.114, 33.300, 2.985, 22.650],
    [1.359, 21.400, -23.700, 150.900, 118.770, 0.271, 1.900, 0.258, 0.203, 695.200, 33.300, 3.115, 22.650],
    [4.380, 22.300, -23.700, 113.000, 171.090, 0.414, 2.180, 0.240, 0.185, 966.128, 24.300, 3.261, 26.021],
    [8.633, 28.100, -6.100, 109.200, 242.670, 0.613, 3.210, 0.223, 0.173, 1288.004, 24.300, 3.046, 36.993],
    [11.633, 28.100, -6.100, 142.400, 299.340, 0.728, 3.210, 0.206, 0.165, 1579.417, 24.300, 3.155, 37.146],
    [14.349, 28.100, 0.400, 155.200, 366.350, 0.866, 3.210, 0.205, 0.165, 1882.526, 18.600, 3.486, 23.337],
    [14.574, 28.100, -0.400, 196.300, 395.210, 0.875, 3.210, 0.227, 0.165, 2066.983, 18.600, 3.629, 23.376],
    [13.661, 28.100, -4.800, 221.600, 407.900, 0.807, 3.210, 0.273, 0.165, 2211.091, 18.600, 3.644, 30.695],
    [11.183, 26.500, -4.800, 243.200, 378.490, 0.671, 2.820, 0.331, 0.194, 2199.989, 18.400, 3.594, 25.019],
    [7.973, 26.500, -14.400, 207.700, 343.100, 0.558, 2.820, 0.364, 0.245, 2173.082, 18.400, 3.281, 28.013],
    [4.793, 23.600, -19.200, 233.000, 285.030, 0.404, 2.240, 0.374, 0.298, 1995.574, 20.600, 3.404, 21.391],
    [1.456, 19.300, -19.200, 165.600, 224.480, 0.296, 1.670, 0.362, 0.298, 1759.342, 21.100, 3.221, 21.796],
    [-1.926, 16.700, -33.900, 145.900, 174.780, 0.235, 1.460, 0.331, 0.298, 1494.493, 23.500, 3.252, 21.055],
    [-4.985, 13.000, -33.900, 141.300, 130.010, 0.187, 1.060, 0.311, 0.298, 1175.281, 23.500, 3.126, 17.750],
    [-6.382, 13.000, -33.900, 151.000, 92.450, 0.147, 1.000, 0.303, 0.298, 865.750, 26.300, 2.599, 19.150],
    [-6.956, 10.800, -33.900, 142.900, 70.180, 0.130, 0.960, 0.304, 0.300, 654.854, 26.300, 2.220, 19.150],
    [-6.582, 7.200, -33.900, 132.500, 63.430, 0.133, 0.660, 0.307, 0.302, 537.167, 26.300, 2.162, 19.150],
    [-4.196, 14.100, -33.800, 138.800, 70.070, 0.153, 1.200, 0.302, 0.272, 533.545, 26.300, 2.359, 19.150],
    [-0.473, 19.100, -16.400, 93.500, 105.170, 0.258, 1.670, 0.296, 0.272, 675.050, 25.700, 3.372, 21.069],
    [2.939, 22.400, -13.500, 108.400, 157.420, 0.378, 2.160, 0.292, 0.267, 913.270, 22.900, 3.329, 24.638],
    [6.860, 25.900, -13.500, 121.400, 218.550, 0.540, 2.790, 0.282, 0.254, 1197.364, 24.100, 3.312, 31.680],
    [10.788, 25.900, -5.200, 137.300, 284.940, 0.677, 2.790, 0.281, 0.254, 1498.828, 24.100, 3.438, 31.653],
    [-3.550, 10.500, -24.800, 130.100, 96.400, 0.191, 0.940, 0.295, 0.259, 637.391, 42.300, 2.824, 25.000],
    [-2.512, 11.500, -25.300, 107.300, 92.870, 0.205, 0.940, 0.279, 0.227, 534.758, 42.300, 3.044, 25.000],
    [-0.769, 14.500, -25.300, 109.500, 112.150, 0.251, 1.220, 0.259, 0.201, 576.936, 42.300, 3.197, 25.473],
    [1.243, 20.400, -25.300, 146.100, 133.680, 0.305, 1.740, 0.238, 0.189, 705.344, 42.300, 3.151, 25.000],
    [4.330, 22.400, -25.300, 122.800, 181.610, 0.449, 2.260, 0.219, 0.186, 965.092, 28.800, 3.165, 28.437],
    [8.487, 27.800, -6.800, 128.900, 250.780, 0.634, 3.200, 0.219, 0.186, 1287.302, 28.800, 3.073, 37.320],
    [11.360, 27.800, -6.700, 154.400, 299.280, 0.733, 3.200, 0.225, 0.186, 1569.913, 24.900, 3.265, 35.332],
    [14.035, 27.800, 1.600, 219.400, 359.530, 0.863, 3.200, 0.242, 0.186, 1855.642, 20.700, 3.845, 17.095],
    [14.176, 27.800, -0.700, 269.100, 384.650, 0.860, 3.200, 0.269, 0.203, 2036.646, 20.700, 3.968, 19.621],
    [13.359, 27.800, -1.900, 281.300, 394.610, 0.795, 3.200, 0.302, 0.233, 2170.181, 20.700, 3.884, 21.605],
    [10.882, 25.700, -4.800, 335.200, 366.620, 0.663, 2.670, 0.343, 0.252, 2145.172, 19.500, 3.841, 19.234],
    [7.677, 25.600, -14.700, 264.900, 332.830, 0.558, 2.670, 0.366, 0.261, 2116.922, 21.100, 3.473, 24.652],
    [4.454, 23.700, -15.100, 284.800, 276.910, 0.404, 2.420, 0.374, 0.294, 1947.362, 29.500, 3.317, 23.270],
    [1.089, 19.100, -15.100, 219.700, 221.270, 0.303, 1.710, 0.360, 0.294, 1724.666, 29.500, 3.282, 20.892],
    [-2.400, 16.800, -30.500, 174.800, 173.540, 0.244, 1.510, 0.329, 0.294, 1474.733, 29.800, 3.207, 20.900],
    [-5.541, 12.800, -33.600, 149.900, 131.710, 0.195, 1.070, 0.307, 0.294, 1171.642, 29.800, 3.018, 20.900],
    [-6.934, 12.800, -33.600, 122.000, 96.190, 0.156, 1.030, 0.296, 0.294, 863.014, 29.800, 2.858, 20.900],
    [-7.405, 9.600, -33.600, 118.600, 75.050, 0.142, 0.920, 0.295, 0.294, 641.264, 32.500, 2.536, 22.250],
    [-6.886, 7.600, -33.600, 102.600, 69.580, 0.147, 0.740, 0.295, 0.294, 527.861, 32.500, 2.620, 22.250],
    [-4.363, 14.200, -33.600, 105.900, 78.300, 0.174, 1.280, 0.288, 0.249, 530.986, 32.500, 2.840, 22.250],
    [-0.351, 18.900, -14.700, 81.700, 118.420, 0.300, 1.730, 0.280, 0.249, 672.264, 32.500, 3.133, 28.452],
    [3.139, 22.300, -13.300, 95.500, 171.650, 0.430, 2.240, 0.279, 0.249, 914.814, 26.600, 3.175, 29.613],
    [7.149, 25.600, -13.300, 127.600, 232.370, 0.604, 2.780, 0.274, 0.249, 1191.859, 26.300, 3.285, 32.848],
    [11.056, 25.600, -4.700, 166.300, 294.870, 0.736, 2.780, 0.279, 0.249, 1479.661, 26.300, 3.541, 30.113],
    [-8.497, 10.200, -31.400, 60.000, 43.720, 0.077, 0.700, 0.170, 0.137, 581.994, 19.800, 2.413, 19.483],
    [-7.398, 17.300, -31.400, 64.000, 42.310, 0.088, 1.110, 0.158, 0.133, 488.333, 19.800, 2.283, 19.817],
    [-3.110, 17.400, -23.200, 89.300, 64.640, 0.143, 1.110, 0.148, 0.126, 518.432, 21.200, 2.513, 21.100],
    [1.259, 28.800, -23.200, 130.700, 109.030, 0.260, 2.790, 0.138, 0.089, 654.005, 21.200, 2.689, 28.923],
    [7.546, 29.500, -20.500, 160.300, 163.180, 0.384, 2.790, 0.124, 0.065, 860.281, 21.200, 3.059, 31.276],
    [12.892, 33.300, -10.600, 150.200, 240.910, 0.577, 3.140, 0.108, 0.059, 1164.791, 23.400, 2.906, 42.154],
    [16.875, 33.300, -1.100, 163.100, 301.940, 0.697, 3.140, 0.094, 0.059, 1423.562, 23.400, 3.114, 34.632],
    [19.600, 34.000, 4.800, 141.600, 362.220, 0.815, 4.070, 0.094, 0.059, 1700.320, 23.400, 3.073, 37.385],
    [20.298, 34.300, 4.800, 132.700, 405.280, 0.890, 4.070, 0.104, 0.059, 1915.168, 23.400, 3.057, 39.405],
    [19.852, 34.300, 5.300, 133.100, 416.260, 0.864, 4.070, 0.130, 0.062, 1986.534, 19.000, 3.156, 37.108],
    [18.018, 34.500, 1.600, 182.700, 422.100, 0.891, 4.750, 0.158, 0.084, 1999.130, 19.000, 3.263, 36.843],
    [15.083, 34.500, -4.300, 156.700, 393.090, 0.825, 4.750, 0.182, 0.132, 1925.194, 19.000, 3.047, 44.590],
    [10.629, 34.500, -8.200, 159.800, 328.960, 0.650, 4.750, 0.211, 0.142, 1760.684, 19.000, 3.005, 45.201],
    [6.547, 34.500, -10.400, 142.700, 269.670, 0.522, 4.750, 0.234, 0.142, 1576.004, 19.000, 2.949, 44.333],
    [0.092, 26.400, -36.200, 55.800, 193.790, 0.345, 2.560, 0.244, 0.162, 1380.913, 19.000, 2.688, 34.601],
    [-5.351, 18.800, -36.200, 54.700, 119.580, 0.194, 1.680, 0.251, 0.235, 1096.024, 19.000, 2.751, 26.351],
    [-9.125, 14.200, -36.200, 30.700, 75.570, 0.123, 1.160, 0.245, 0.235, 855.590, 19.500, 2.491, 27.625],
    [-11.108, 11.300, -36.200, 41.500, 44.380, 0.073, 0.890, 0.238, 0.229, 660.467, 19.500, 2.920, 17.048],
    [-11.116, 8.900, -32.000, 61.200, 32.260, 0.060, 0.770, 0.233, 0.222, 526.208, 20.600, 2.124, 16.300],
    [-6.784, 18.600, -32.000, 77.800, 48.480, 0.106, 1.460, 0.227, 0.190, 502.106, 20.600, 2.508, 16.300],
    [-1.012, 26.900, -26.800, 72.400, 95.530, 0.245, 2.850, 0.218, 0.185, 619.027, 20.600, 3.005, 26.242],
    [4.996, 30.900, -22.000, 60.900, 178.900, 0.466, 3.330, 0.215, 0.185, 847.714, 26.500, 2.682, 40.422],
    [11.956, 30.900, -10.900, 64.600, 260.530, 0.669, 3.330, 0.221, 0.185, 1137.103, 26.500, 2.903, 42.271],
    [16.002, 30.900, -6.100, 75.800, 317.610, 0.773, 3.330, 0.234, 0.185, 1380.722, 26.500, 3.114, 42.457],
    [-8.634, 10.800, -31.200, 61.900, 41.750, 0.073, 0.690, 0.259, 0.229, 571.982, 20.200, 2.645, 16.100],
    [-7.486, 16.800, -31.200, 65.400, 40.520, 0.085, 1.050, 0.249, 0.227, 479.466, 20.200, 2.537, 16.100],
    [-3.217, 17.000, -23.600, 77.700, 61.930, 0.139, 1.050, 0.242, 0.222, 511.546, 22.500, 2.960, 17.250],
    [1.117, 28.200, -23.600, 131.500, 104.270, 0.253, 2.770, 0.230, 0.160, 648.792, 22.500, 3.005, 23.537],
    [7.474, 29.900, -18.900, 155.000, 159.440, 0.381, 2.770, 0.214, 0.139, 859.198, 22.500, 3.432, 25.844],
    [12.822, 34.200, -11.400, 151.100, 236.340, 0.580, 3.130, 0.188, 0.095, 1161.119, 24.300, 3.199, 39.727],
    [16.775, 34.200, -0.500, 185.900, 297.170, 0.701, 3.130, 0.154, 0.071, 1419.088, 24.300, 3.411, 31.689],
    [19.447, 34.200, 4.800, 161.000, 356.360, 0.806, 3.720, 0.135, 0.071, 1698.120, 24.300, 3.299, 34.018],
    [20.120, 34.300, 4.800, 151.200, 398.350, 0.877, 3.720, 0.130, 0.071, 1906.031, 24.300, 3.236, 35.712],
    [19.628, 34.300, 6.200, 163.200, 410.790, 0.850, 3.720, 0.142, 0.071, 1985.184, 20.600, 3.310, 33.508],
    [17.773, 34.400, 1.600, 237.700, 414.530, 0.872, 4.690, 0.165, 0.090, 1996.837, 20.600, 3.436, 34.082],
    [14.911, 34.400, -3.800, 200.600, 388.850, 0.817, 4.690, 0.178, 0.132, 1931.839, 20.600, 3.171, 41.857],
    [10.549, 34.400, -8.800, 202.500, 328.650, 0.659, 4.690, 0.187, 0.132, 1771.218, 20.600, 3.056, 43.977],
    [6.498, 34.400, -10.600, 178.900, 269.410, 0.533, 4.690, 0.191, 0.132, 1584.025, 19.600, 2.959, 42.519],
    [0.038, 27.000, -36.300, 51.700, 194.670, 0.353, 2.770, 0.185, 0.148, 1386.245, 19.100, 2.439, 37.525],
    [-5.453, 19.900, -36.300, 55.300, 119.090, 0.195, 1.790, 0.184, 0.171, 1099.235, 19.100, 2.539, 27.013],
    [-9.311, 13.600, -36.300, 34.400, 73.960, 0.120, 1.150, 0.179, 0.171, 854.118, 20.300, 2.333, 27.598],
    [-11.369, 11.000, -36.300, 42.500, 42.210, 0.068, 0.890, 0.174, 0.165, 656.474, 20.300, 2.653, 17.400],
    [-11.416, 8.800, -32.200, 61.500, 29.700, 0.054, 0.710, 0.169, 0.160, 521.150, 21.400, 1.742, 18.367],
    [-7.053, 18.300, -32.200, 74.100, 45.010, 0.098, 1.370, 0.172, 0.160, 494.489, 21.400, 2.260, 18.367],
    [-1.283, 25.500, -26.900, 64.300, 89.260, 0.230, 2.540, 0.176, 0.160, 614.030, 21.400, 2.820, 27.199],
    [4.747, 30.800, -22.700, 55.900, 167.640, 0.439, 3.200, 0.189, 0.160, 837.576, 26.900, 2.565, 41.648],
    [11.730, 30.800, -12.100, 65.100, 247.090, 0.634, 3.200, 0.209, 0.160, 1127.624, 26.900, 2.855, 43.047],
    [15.787, 30.800, -3.600, 82.000, 305.210, 0.738, 3.200, 0.233, 0.175, 1380.593, 26.900, 3.221, 37.193],
    [-8.508, 10.200, -30.800, 57.100, 42.660, 0.075, 0.650, 0.204, 0.174, 568.555, 20.800, 2.585, 16.900],
    [-7.383, 16.300, -30.800, 59.400, 41.520, 0.087, 1.010, 0.193, 0.171, 475.772, 20.800, 2.500, 17.150],
    [-3.116, 17.100, -23.500, 80.800, 63.100, 0.140, 1.040, 0.185, 0.165, 511.110, 22.200, 2.753, 18.350],
    [1.246, 28.400, -23.500, 130.300, 106.430, 0.253, 2.690, 0.176, 0.132, 649.282, 22.600, 2.844, 25.440],
    [7.546, 29.100, -19.000, 156.900, 160.220, 0.374, 2.690, 0.163, 0.107, 857.848, 22.600, 3.238, 27.938],
    [12.849, 33.000, -11.000, 157.600, 235.750, 0.561, 3.060, 0.147, 0.087, 1159.524, 25.100, 3.109, 39.290],
    [16.805, 33.000, -0.900, 180.800, 296.040, 0.676, 3.060, 0.127, 0.074, 1417.450, 25.100, 3.314, 31.966],
    [19.491, 34.000, 4.900, 150.300, 355.110, 0.784, 3.780, 0.120, 0.074, 1692.878, 25.100, 3.223, 34.598],
    [20.161, 34.000, 4.900, 149.500, 397.320, 0.855, 3.810, 0.122, 0.074, 1904.328, 25.100, 3.210, 35.718],
    [19.754, 34.000, 5.900, 143.100, 411.150, 0.840, 3.810, 0.135, 0.074, 1978.632, 20.300, 3.248, 33.882],
    [17.967, 34.500, 2.000, 169.400, 419.160, 0.878, 4.710, 0.157, 0.085, 1992.110, 20.300, 3.228, 37.234],
    [15.077, 34.500, -4.200, 159.100, 391.700, 0.819, 4.710, 0.180, 0.139, 1921.777, 20.300, 3.051, 44.318],
    [10.653, 34.500, -8.100, 159.600, 328.690, 0.651, 4.710, 0.209, 0.139, 1760.915, 20.300, 2.983, 46.105],
    [6.567, 34.500, -10.500, 140.500, 268.860, 0.522, 4.710, 0.235, 0.139, 1576.188, 19.900, 2.932, 45.165],
    [0.123, 26.700, -34.800, 61.200, 192.340, 0.341, 2.670, 0.254, 0.157, 1379.365, 19.900, 2.727, 35.523],
    [-5.334, 18.500, -34.800, 54.700, 117.550, 0.189, 1.640, 0.265, 0.243, 1094.195, 19.900, 2.794, 26.643],
    [-9.124, 13.800, -34.800, 32.100, 73.590, 0.119, 1.100, 0.262, 0.256, 851.753, 20.700, 2.565, 27.626],
    [-11.096, 11.700, -34.800, 43.000, 43.090, 0.070, 0.900, 0.259, 0.251, 654.667, 20.700, 2.944, 16.392],
    [-11.140, 8.600, -31.900, 61.700, 31.030, 0.058, 0.740, 0.255, 0.248, 521.240, 22.400, 2.098, 17.200],
    [-6.837, 18.400, -31.900, 76.800, 46.960, 0.103, 1.410, 0.246, 0.197, 496.958, 22.400, 2.521, 17.200],
    [-1.091, 26.500, -26.400, 67.000, 92.820, 0.238, 2.730, 0.234, 0.189, 614.970, 22.400, 3.004, 27.143],
    [4.909, 31.000, -22.000, 57.900, 174.080, 0.455, 3.340, 0.227, 0.189, 842.087, 26.100, 2.707, 40.438],
    [11.871, 31.000, -11.400, 62.200, 254.630, 0.655, 3.340, 0.229, 0.189, 1131.077, 26.100, 2.921, 42.204],
    [15.921, 31.000, -5.200, 80.400, 312.200, 0.760, 3.340, 0.241, 0.189, 1377.155, 26.100, 3.183, 40.439],
    [-2.100, 18.100, -25.900, 38.400, 101.650, 0.221, 1.580, 0.435, 0.422, 689.731, 27.700, 2.282, 32.295],
    [-1.483, 22.800, -25.900, 53.100, 90.020, 0.209, 1.990, 0.434, 0.403, 592.808, 27.700, 2.539, 28.053],
    [2.256, 22.800, -19.500, 54.400, 124.440, 0.292, 1.990, 0.432, 0.403, 654.678, 27.700, 2.528, 31.107],
    [6.060, 32.500, -19.500, 69.200, 169.900, 0.418, 3.430, 0.427, 0.380, 797.263, 27.700, 2.528, 40.284],
    [10.776, 32.500, -14.900, 107.200, 218.630, 0.523, 3.430, 0.420, 0.370, 1017.713, 25.400, 2.881, 37.473],
    [15.436, 33.500, -8.400, 146.400, 286.830, 0.653, 3.430, 0.410, 0.359, 1306.649, 24.200, 3.158, 36.472],
    [19.163, 34.500, -0.500, 175.600, 340.350, 0.739, 3.430, 0.405, 0.357, 1560.888, 24.200, 3.511, 27.299],
    [21.806, 35.100, 6.600, 195.400, 393.450, 0.837, 3.600, 0.387, 0.324, 1786.439, 24.200, 3.702, 25.517],
    [22.711, 35.800, 6.600, 211.600, 439.000, 0.900, 3.910, 0.375, 0.324, 2012.400, 24.200, 3.649, 29.420],
    [22.255, 35.800, 6.800, 191.700, 452.400, 0.905, 3.910, 0.384, 0.324, 2094.354, 20.400, 3.611, 28.685],
    [20.191, 35.800, 3.600, 287.400, 446.490, 0.896, 3.910, 0.382, 0.324, 2061.266, 25.000, 3.767, 26.586],
    [17.126, 35.800, -2.000, 250.200, 414.730, 0.805, 3.910, 0.396, 0.324, 2010.798, 25.000, 3.417, 34.894],
    [13.071, 35.800, -5.100, 230.900, 358.280, 0.667, 3.430, 0.414, 0.342, 1843.092, 25.000, 3.187, 37.003],
    [9.406, 30.500, -7.300, 204.400, 304.450, 0.568, 3.320, 0.418, 0.344, 1657.940, 25.000, 3.110, 32.993],
    [4.257, 26.600, -28.100, 83.900, 248.600, 0.460, 2.280, 0.420, 0.348, 1509.548, 25.600, 2.608, 33.730],
    [0.025, 22.600, -28.100, 68.300, 190.950, 0.359, 2.210, 0.425, 0.387, 1250.755, 25.600, 2.434, 32.906],
    [-3.294, 22.600, -28.100, 44.500, 137.630, 0.264, 2.210, 0.424, 0.387, 1006.157, 25.600, 2.241, 33.593],
    [-5.199, 17.900, -28.100, 45.600, 94.380, 0.185, 1.570, 0.426, 0.409, 773.827, 25.600, 2.338, 29.137],
    [-4.873, 13.900, -25.500, 37.900, 82.980, 0.177, 1.230, 0.424, 0.409, 643.806, 23.600, 2.325, 28.665],
    [-1.592, 20.900, -23.700, 59.000, 94.170, 0.218, 1.740, 0.412, 0.346, 620.222, 23.600, 2.685, 25.269],
    [3.957, 29.900, -15.200, 51.100, 157.340, 0.417, 3.320, 0.393, 0.338, 757.454, 23.600, 2.493, 39.225],
    [9.293, 34.000, -12.900, 51.300, 259.200, 0.733, 4.490, 0.380, 0.337, 1009.184, 23.600, 2.503, 48.782],
    [15.346, 34.000, -6.800, 53.300, 345.360, 0.956, 4.490, 0.380, 0.337, 1297.055, 23.600, 2.722, 49.653],
    [19.206, 34.000, 0.900, 50.900, 409.940, 1.086, 4.490, 0.384, 0.337, 1547.723, 20.100, 3.113, 35.569],
    [-2.670, 16.900, -25.900, 34.700, 88.340, 0.189, 1.420, 0.450, 0.439, 688.504, 27.200, 2.236, 31.744],
    [-1.912, 21.200, -25.900, 53.300, 77.740, 0.179, 1.680, 0.451, 0.439, 589.050, 27.200, 2.586, 25.888],
    [1.950, 21.200, -19.000, 54.800, 110.950, 0.260, 1.680, 0.449, 0.423, 647.194, 27.200, 2.534, 29.722],
    [5.977, 32.600, -19.000, 79.100, 158.330, 0.392, 3.320, 0.436, 0.379, 786.726, 27.200, 2.619, 37.528],
    [10.957, 32.600, -12.900, 111.300, 208.520, 0.499, 3.320, 0.429, 0.379, 1005.426, 22.300, 2.950, 34.395],
    [15.721, 33.200, -7.200, 132.100, 276.910, 0.631, 3.320, 0.413, 0.353, 1293.725, 22.700, 3.146, 35.729],
    [19.549, 34.200, 0.900, 158.800, 332.940, 0.722, 3.320, 0.404, 0.353, 1549.652, 22.700, 3.570, 23.293],
    [22.143, 34.500, 7.200, 154.800, 384.030, 0.812, 3.360, 0.397, 0.353, 1773.022, 22.700, 3.631, 23.698],
    [22.986, 35.000, 7.200, 198.900, 426.690, 0.852, 3.590, 0.392, 0.353, 1997.629, 22.700, 3.651, 25.067],
    [22.507, 35.000, 7.600, 216.200, 439.750, 0.856, 3.590, 0.397, 0.355, 2081.470, 20.100, 3.713, 23.257],
    [20.424, 35.000, 4.300, 303.600, 435.000, 0.850, 3.590, 0.389, 0.328, 2054.642, 24.400, 3.893, 21.281],
    [17.367, 35.000, -1.200, 294.200, 404.190, 0.766, 3.590, 0.388, 0.328, 1999.940, 24.400, 3.698, 26.682],
    [13.208, 34.300, -4.200, 260.400, 348.040, 0.641, 3.510, 0.398, 0.328, 1827.364, 24.400, 3.454, 29.671],
    [9.382, 30.200, -7.900, 200.300, 294.090, 0.547, 3.240, 0.402, 0.328, 1648.854, 24.400, 3.182, 32.018],
    [4.151, 27.400, -26.800, 81.400, 237.550, 0.440, 2.410, 0.405, 0.329, 1502.410, 21.300, 2.679, 32.257],
    [-0.238, 21.300, -26.800, 63.600, 177.840, 0.331, 1.940, 0.414, 0.379, 1247.508, 21.300, 2.518, 29.498],
    [-3.591, 21.100, -26.800, 36.800, 127.100, 0.240, 1.940, 0.408, 0.391, 1006.823, 21.100, 2.301, 30.759],
    [-5.431, 15.900, -26.800, 38.800, 87.060, 0.169, 1.320, 0.401, 0.389, 774.630, 21.600, 2.397, 27.887],
    [-5.049, 13.900, -24.100, 34.600, 75.220, 0.159, 1.170, 0.397, 0.389, 641.754, 23.100, 2.407, 28.350],
    [-1.671, 19.900, -23.800, 53.600, 86.910, 0.199, 1.500, 0.390, 0.347, 618.044, 23.100, 2.740, 25.215],
    [3.928, 30.000, -15.600, 45.700, 146.310, 0.384, 3.260, 0.379, 0.347, 751.046, 23.100, 2.529, 38.863],
    [9.368, 34.000, -13.100, 44.400, 244.750, 0.686, 4.380, 0.377, 0.347, 1000.595, 23.100, 2.511, 48.202],
    [15.489, 34.000, -6.700, 49.000, 329.920, 0.903, 4.380, 0.386, 0.347, 1284.772, 23.100, 2.718, 48.860],
    [19.332, 34.000, 2.200, 58.000, 392.740, 1.029, 4.380, 0.393, 0.347, 1529.615, 21.600, 3.152, 33.126],
    [-2.141, 18.600, -25.600, 36.200, 100.590, 0.224, 1.680, 0.417, 0.404, 695.675, 25.100, 2.338, 31.352],
    [-1.507, 23.400, -25.600, 50.300, 88.860, 0.211, 2.130, 0.414, 0.386, 597.845, 25.100, 2.581, 28.009],
    [2.216, 23.400, -19.500, 49.200, 122.970, 0.296, 2.130, 0.417, 0.386, 658.991, 25.100, 2.539, 31.328],
    [6.040, 32.300, -19.500, 72.500, 167.490, 0.420, 3.280, 0.417, 0.386, 801.320, 25.100, 2.627, 37.573],
    [10.755, 32.300, -15.200, 130.200, 215.950, 0.524, 3.280, 0.420, 0.386, 1021.788, 23.200, 3.047, 33.222],
    [15.436, 34.000, -8.600, 160.400, 284.180, 0.658, 3.280, 0.419, 0.368, 1308.442, 21.600, 3.234, 33.191],
    [19.191, 34.700, -1.300, 184.500, 338.130, 0.747, 3.280, 0.415, 0.360, 1560.092, 21.600, 3.520, 26.505],
    [21.852, 35.300, 6.600, 211.100, 392.190, 0.847, 3.620, 0.397, 0.313, 1786.381, 21.600, 3.735, 24.005],
    [22.793, 35.800, 6.600, 191.200, 438.960, 0.916, 3.950, 0.379, 0.313, 2011.079, 21.600, 3.598, 29.289],
    [22.334, 35.800, 6.500, 181.100, 452.070, 0.921, 3.950, 0.382, 0.313, 2092.104, 18.400, 3.600, 28.388],
    [20.268, 35.800, 3.300, 262.300, 445.610, 0.908, 3.950, 0.380, 0.313, 2059.463, 22.800, 3.727, 26.827],
    [17.181, 35.800, -2.400, 221.500, 413.720, 0.815, 3.950, 0.389, 0.313, 2009.390, 22.800, 3.364, 36.142],
    [13.107, 35.800, -5.700, 218.400, 357.510, 0.675, 3.350, 0.405, 0.343, 1841.566, 22.800, 3.184, 37.220],
    [9.390, 30.500, -7.500, 196.600, 303.940, 0.575, 3.310, 0.415, 0.343, 1658.189, 22.800, 3.111, 32.323],
    [4.176, 26.900, -28.800, 90.200, 247.380, 0.464, 2.410, 0.421, 0.358, 1512.108, 22.400, 2.648, 32.368],
    [-0.051, 22.900, -28.800, 74.200, 189.650, 0.361, 2.290, 0.433, 0.370, 1255.788, 22.400, 2.467, 31.115],
    [-3.391, 22.900, -28.800, 48.300, 135.910, 0.264, 2.290, 0.442, 0.370, 1015.315, 22.400, 2.241, 31.832],
    [-5.255, 18.300, -28.800, 44.200, 93.230, 0.185, 1.660, 0.448, 0.441, 784.120, 22.400, 2.290, 27.718],
    [-4.895, 14.100, -26.000, 35.100, 82.190, 0.178, 1.260, 0.449, 0.443, 652.543, 21.400, 2.236, 28.159],
    [-1.595, 21.000, -23.600, 57.500, 94.090, 0.221, 1.780, 0.431, 0.326, 627.026, 21.400, 2.631, 24.478],
    [3.991, 29.900, -15.200, 50.300, 157.080, 0.424, 3.320, 0.402, 0.320, 761.342, 21.400, 2.482, 38.216],
    [9.352, 34.000, -12.900, 48.100, 257.630, 0.742, 4.500, 0.378, 0.315, 1011.798, 21.400, 2.517, 47.966],
    [15.439, 34.000, -6.700, 49.300, 343.870, 0.969, 4.500, 0.365, 0.315, 1299.532, 21.400, 2.777, 48.833],
    [19.332, 34.000, 1.400, 42.600, 409.630, 1.106, 4.500, 0.362, 0.315, 1551.622, 19.900, 3.178, 34.995],
    [-10.642, 8.400, -33.900, 64.300, 38.450, 0.063, 0.670, 0.201, 0.185, 558.634, 20.400, 2.235, 16.200],
    [-9.485, 15.300, -33.900, 67.400, 40.070, 0.085, 0.880, 0.196, 0.184, 474.660, 18.100, 2.261, 15.050],
    [-4.299, 15.300, -31.200, 96.900, 58.820, 0.131, 0.970, 0.191, 0.148, 464.627, 21.700, 2.399, 19.517],
    [0.828, 29.500, -31.200, 105.300, 111.650, 0.278, 2.880, 0.171, 0.088, 629.078, 21.900, 2.933, 31.034],
    [7.445, 29.500, -23.500, 133.900, 163.850, 0.370, 2.880, 0.160, 0.088, 861.073, 21.900, 3.121, 33.552],
    [12.339, 29.500, -7.700, 145.100, 223.360, 0.479, 2.880, 0.137, 0.071, 1128.136, 21.900, 3.058, 38.321],
    [16.328, 30.600, -3.800, 191.000, 283.820, 0.573, 2.880, 0.113, 0.071, 1431.544, 21.900, 3.272, 33.729],
    [18.833, 30.600, 4.100, 299.000, 321.590, 0.615, 2.880, 0.104, 0.061, 1639.717, 17.800, 3.826, 16.602],
    [19.415, 34.800, 4.100, 397.500, 356.510, 0.665, 3.630, 0.089, 0.049, 1809.108, 21.000, 3.530, 24.197],
    [19.626, 34.800, 4.800, 405.600, 380.890, 0.734, 3.630, 0.088, 0.049, 1898.456, 21.000, 3.581, 24.197],
    [18.056, 34.800, 1.500, 405.100, 400.020, 0.821, 4.030, 0.101, 0.049, 1949.497, 23.300, 3.521, 28.684],
    [15.144, 34.800, -3.000, 295.200, 378.150, 0.776, 4.030, 0.126, 0.049, 1909.375, 23.300, 3.241, 41.509],
    [10.382, 32.200, -9.700, 243.800, 316.270, 0.630, 4.030, 0.152, 0.052, 1745.204, 23.300, 3.047, 45.079],
    [6.303, 32.200, -13.900, 175.700, 263.120, 0.515, 4.030, 0.167, 0.100, 1584.076, 23.300, 2.871, 43.142],
    [0.052, 25.900, -32.000, 130.100, 184.210, 0.310, 2.610, 0.166, 0.116, 1406.992, 21.000, 2.848, 31.368],
    [-5.209, 18.200, -32.000, 102.400, 116.330, 0.181, 1.300, 0.145, 0.114, 1103.789, 21.000, 2.812, 24.395],
    [-8.578, 18.200, -32.000, 67.300, 80.040, 0.130, 1.300, 0.128, 0.110, 880.009, 21.000, 2.550, 25.517],
    [-10.440, 10.100, -32.000, 52.700, 46.210, 0.078, 0.820, 0.115, 0.094, 633.834, 21.000, 2.290, 23.667],
    [-10.026, 9.400, -32.000, 84.200, 34.070, 0.067, 0.560, 0.105, 0.065, 465.970, 22.200, 1.124, 26.683],
    [-5.831, 20.200, -31.800, 88.900, 45.800, 0.102, 0.920, 0.119, 0.063, 430.222, 22.200, 1.746, 26.850],
    [0.323, 26.000, -27.400, 93.900, 89.230, 0.216, 2.160, 0.137, 0.063, 538.978, 22.200, 2.764, 27.810],
    [5.892, 29.000, -27.400, 103.200, 159.740, 0.400, 2.590, 0.161, 0.063, 799.765, 22.200, 2.847, 37.469],
    [12.599, 29.800, -3.900, 123.300, 231.900, 0.548, 2.590, 0.195, 0.063, 1102.453, 19.700, 3.213, 34.569],
    [16.091, 29.800, -2.500, 134.400, 289.160, 0.648, 2.590, 0.218, 0.185, 1383.433, 19.700, 3.591, 23.532],
    [-10.739, 8.200, -33.900, 63.000, 37.810, 0.062, 0.660, 0.226, 0.213, 560.308, 20.100, 2.314, 16.050],
    [-9.563, 15.300, -33.900, 65.100, 39.110, 0.083, 0.860, 0.221, 0.207, 475.394, 20.100, 2.329, 16.050],
    [-4.354, 15.300, -31.000, 83.300, 57.860, 0.130, 0.980, 0.218, 0.191, 464.843, 20.200, 2.705, 16.100],
    [0.764, 29.400, -31.000, 85.100, 108.340, 0.268, 2.820, 0.201, 0.126, 625.514, 21.600, 2.972, 30.510],
    [7.426, 29.400, -24.300, 110.900, 160.870, 0.364, 2.820, 0.188, 0.126, 857.009, 21.600, 3.122, 32.432],
    [12.288, 29.400, -7.600, 129.300, 218.240, 0.459, 2.820, 0.170, 0.117, 1124.748, 21.600, 3.166, 35.121],
    [16.270, 30.200, -3.600, 181.300, 278.150, 0.546, 2.820, 0.149, 0.117, 1429.862, 21.600, 3.438, 29.434],
    [18.796, 31.000, 4.400, 299.900, 316.670, 0.591, 2.830, 0.137, 0.068, 1635.336, 17.700, 3.932, 15.372],
    [19.331, 34.200, 4.400, 407.300, 350.210, 0.630, 3.490, 0.128, 0.068, 1807.790, 18.900, 3.695, 19.223],
    [19.489, 34.200, 4.400, 411.600, 372.690, 0.688, 3.490, 0.133, 0.068, 1897.636, 18.900, 3.769, 19.223],
    [17.921, 34.200, 1.600, 408.700, 391.310, 0.775, 3.880, 0.155, 0.068, 1947.409, 22.400, 3.736, 24.063],
    [15.005, 34.200, -3.200, 314.800, 370.580, 0.737, 3.880, 0.178, 0.068, 1909.238, 22.400, 3.545, 36.074],
    [10.289, 31.800, -9.800, 243.700, 310.680, 0.601, 3.880, 0.204, 0.099, 1747.584, 22.400, 3.310, 39.542],
    [6.215, 31.800, -14.100, 179.100, 259.330, 0.498, 3.880, 0.207, 0.156, 1586.340, 22.400, 3.122, 36.667],
    [-0.042, 25.200, -32.800, 130.700, 182.370, 0.306, 2.350, 0.194, 0.138, 1407.730, 20.800, 3.003, 27.667],
    [-5.317, 17.800, -32.800, 103.500, 114.940, 0.178, 1.290, 0.170, 0.136, 1107.108, 20.800, 2.941, 22.057],
    [-8.708, 17.800, -32.800, 70.600, 78.280, 0.126, 1.290, 0.151, 0.133, 878.216, 20.800, 2.718, 22.279],
    [-10.562, 10.400, -32.800, 52.000, 45.010, 0.076, 0.850, 0.137, 0.117, 631.757, 20.800, 2.375, 21.650],
    [-10.126, 9.600, -32.800, 83.800, 33.070, 0.065, 0.610, 0.128, 0.087, 466.474, 21.800, 1.175, 24.650],
    [-5.901, 20.100, -31.800, 95.400, 45.420, 0.102, 0.940, 0.131, 0.070, 430.690, 21.800, 1.666, 26.067],
    [0.267, 26.300, -27.300, 93.700, 89.180, 0.217, 2.290, 0.138, 0.070, 539.701, 21.800, 2.767, 27.807],
    [5.856, 28.700, -27.300, 114.200, 159.470, 0.398, 2.440, 0.154, 0.070, 800.366, 21.800, 2.936, 34.384],
    [12.589, 30.100, -4.100, 145.300, 232.070, 0.546, 2.440, 0.180, 0.070, 1102.399, 20.500, 3.290, 31.972],
    [16.101, 30.100, -2.000, 151.100, 289.140, 0.648, 2.440, 0.203, 0.160, 1382.537, 20.500, 3.609, 22.605],
    [-10.626, 8.600, -34.600, 60.800, 38.350, 0.063, 0.480, 0.201, 0.185, 562.298, 21.000, 2.300, 16.500],
    [-9.424, 14.900, -34.600, 66.600, 39.910, 0.086, 0.830, 0.195, 0.185, 474.966, 17.700, 2.272, 15.000],
    [-4.206, 14.900, -30.900, 87.400, 58.340, 0.133, 0.980, 0.189, 0.143, 462.841, 19.300, 2.529, 18.733],
]
